Order ID,Amount,Profit,Quantity,Category,Sub-Category,PaymentMode
C-33811,8732,-1202,1,Furniture,Standing Desks,UPI
C-34325,4207,825,1,Furniture,Standing Desks,Net Banking
C-32803,370,-29,3,Office Supplies,Pens & Markers,Credit Card
C-32724,5417,1012,12,Electronics,Monitors,Debit Card
C-39295,2574,262,8,Electronics,Laptops,Net Banking
C-38279,1730,85,3,Office Supplies,Notebooks,Debit Card
C-33899,1380,185,3,Office Supplies,Files & Folders,Debit Card
C-38797,5686,942,4,Electronics,Webcams,Credit Card
C-33611,63,-8,9,Office Supplies,Pens & Markers,Debit Card
C-36658,227,-33,10,Office Supplies,Files & Folders,Credit Card
C-39980,3925,-387,11,Furniture,Sofas,UPI
C-37066,2019,693,11,Furniture,Sofas,Debit Card
C-30027,8068,2671,12,Furniture,Cabinets,Credit Card
C-34374,1647,582,6,Office Supplies,Scissors,Credit Card
C-38238,11439,-1101,3,Furniture,Lockers,UPI
C-32286,610,127,9,Office Supplies,Pens & Markers,Credit Card
C-38445,1482,492,1,Office Supplies,Pens & Markers,Credit Card
C-30832,44,0,4,Office Supplies,Files & Folders,Debit Card
C-38928,3767,-196,7,Electronics,Webcams,Debit Card
C-33450,7803,1102,10,Electronics,Keyboards,Credit Card
C-39105,4055,972,7,Electronics,Printers,Credit Card
C-35663,4928,264,9,Furniture,Cabinets,Credit Card
C-39980,3620,899,7,Electronics,Monitors,Debit Card
C-33770,5764,551,12,Furniture,Office Chairs,COD
C-38308,1071,43,6,Office Supplies,Notebooks,Net Banking
C-35313,2852,-175,11,Furniture,Lockers,UPI
C-33899,995,484,7,Office Supplies,Notebooks,UPI
C-35794,3837,-245,1,Electronics,Headphones,Debit Card
C-37123,6175,830,12,Electronics,Monitors,COD
C-36054,1341,161,1,Office Supplies,Notebooks,UPI
C-30960,6685,-286,10,Furniture,Sofas,Credit Card
C-30409,4776,1054,6,Furniture,Standing Desks,UPI
C-32697,207,113,7,Office Supplies,Notebooks,Credit Card
C-38834,5601,-55,1,Electronics,Webcams,Debit Card
C-38808,1155,-67,9,Office Supplies,Pens & Markers,Net Banking
C-37149,7480,182,10,Electronics,Keyboards,COD
C-31612,5509,-539,3,Electronics,Webcams,Credit Card
C-37454,178,22,6,Office Supplies,Files & Folders,COD
C-39641,10813,3213,10,Furniture,Bookshelves,UPI
C-36118,5413,636,4,Electronics,Webcams,Debit Card
C-37962,4574,1387,1,Electronics,Printers,Credit Card
C-32780,3934,728,4,Electronics,Laptops,Debit Card
C-30960,874,447,9,Office Supplies,Staplers,Credit Card
C-38308,6067,48,7,Furniture,Bookshelves,Debit Card
C-38346,5342,1704,8,Electronics,Laptops,UPI
C-38786,581,-84,12,Office Supplies,Files & Folders,Debit Card
C-30058,1539,-200,12,Office Supplies,Scissors,UPI
C-32662,2677,-23,4,Electronics,Headphones,Net Banking
C-32144,7181,-373,2,Electronics,Headphones,Debit Card
C-39440,2108,569,9,Furniture,Cabinets,COD
C-36201,5884,246,10,Electronics,Keyboards,Net Banking
C-35663,7060,2204,5,Electronics,Headphones,Credit Card
C-31743,2887,401,7,Furniture,Standing Desks,Credit Card
C-37350,10232,419,11,Furniture,Office Chairs,Debit Card
C-33593,6520,868,6,Electronics,Laptops,Debit Card
C-31964,461,10,2,Office Supplies,Tape & Glue,UPI
C-34557,5066,768,4,Furniture,Bookshelves,UPI
C-37350,7995,-390,7,Furniture,Bookshelves,UPI
C-32615,7981,2552,5,Furniture,Bookshelves,Credit Card
C-34291,11435,2599,2,Furniture,Standing Desks,Debit Card
C-33566,915,391,4,Office Supplies,Files & Folders,UPI
C-39324,9749,2857,3,Furniture,Standing Desks,Credit Card
C-30757,1088,167,6,Office Supplies,Tape & Glue,Debit Card
C-31137,5405,1547,1,Electronics,Keyboards,Credit Card
C-30488,2983,-93,5,Furniture,Standing Desks,Credit Card
C-38689,9370,2431,5,Furniture,Office Chairs,Credit Card
C-31530,6222,244,7,Furniture,Sofas,UPI
C-33483,5259,879,11,Furniture,Sofas,Debit Card
C-30027,757,-17,9,Office Supplies,Staplers,Credit Card
C-36216,3284,195,5,Furniture,Cabinets,Credit Card
C-35442,1341,518,6,Office Supplies,Notebooks,Credit Card
C-35635,8631,2735,2,Furniture,Sofas,UPI
C-36252,3368,143,5,Electronics,Headphones,Debit Card
C-37149,8479,-6,8,Furniture,Lockers,Debit Card
C-31889,5608,753,8,Electronics,Printers,Credit Card
C-34325,286,91,11,Office Supplies,Pens & Markers,UPI
C-35147,3311,-113,7,Furniture,Lockers,UPI
C-39577,1153,-293,7,Office Supplies,Scissors,Credit Card
C-35977,567,127,2,Office Supplies,Pens & Markers,Debit Card
C-32286,2678,30,5,Electronics,Keyboards,Credit Card
C-31084,1108,457,1,Office Supplies,Notebooks,UPI
C-30488,7879,900,9,Electronics,Keyboards,COD
C-33450,4213,1614,12,Furniture,Cabinets,Credit Card
C-31638,9480,1868,11,Furniture,Sofas,Net Banking
C-30319,6041,1134,5,Electronics,Monitors,Net Banking
C-32927,2660,697,8,Electronics,Monitors,UPI
C-34173,2075,75,1,Electronics,Keyboards,Credit Card
C-37886,617,60,1,Office Supplies,Staplers,Debit Card
C-36484,3254,-312,7,Electronics,Webcams,Debit Card
C-39446,2118,320,4,Furniture,Standing Desks,Credit Card
C-34114,8467,-106,12,Furniture,Cabinets,Debit Card
C-30711,2607,47,7,Electronics,Webcams,Debit Card
C-35413,6454,42,12,Furniture,Sofas,Credit Card
C-31137,2340,664,3,Electronics,Webcams,UPI
C-38565,962,216,5,Office Supplies,Tape & Glue,Debit Card
C-36118,3426,-312,1,Electronics,Headphones,COD
C-32697,239,-14,3,Office Supplies,Notebooks,Debit Card
C-39813,5814,-583,1,Furniture,Office Chairs,Credit Card
C-33006,3352,849,8,Electronics,Webcams,COD
C-39333,7283,-624,2,Electronics,Printers,Net Banking
C-30009,575,206,2,Office Supplies,Pens & Markers,Credit Card
C-39324,1753,-153,7,Office Supplies,Notebooks,Net Banking
C-34889,539,14,8,Office Supplies,Tape & Glue,UPI
C-32546,973,316,2,Office Supplies,Notebooks,Credit Card
C-33598,826,230,5,Office Supplies,Scissors,COD
C-37179,1521,-401,9,Office Supplies,Tape & Glue,Credit Card
C-32414,6030,207,6,Electronics,Webcams,Net Banking
C-38834,3850,-77,7,Furniture,Standing Desks,UPI
C-37043,1227,-243,4,Office Supplies,Staplers,UPI
C-31146,1634,469,12,Office Supplies,Files & Folders,Credit Card
C-34557,2837,-82,2,Electronics,Laptops,Debit Card
C-34915,1291,-94,11,Electronics,Printers,UPI
C-30158,4061,480,6,Furniture,Office Chairs,COD
C-37811,9187,2326,1,Furniture,Bookshelves,Debit Card
C-33456,1903,24,1,Electronics,Printers,Credit Card
C-34533,3214,463,8,Electronics,Monitors,UPI
C-33981,742,-18,8,Office Supplies,Files & Folders,UPI
C-34349,4627,-518,3,Furniture,Sofas,Credit Card
C-35974,3807,397,11,Electronics,Monitors,Credit Card
C-37123,2306,440,6,Furniture,Standing Desks,Debit Card
C-30488,1506,-370,9,Office Supplies,Staplers,Net Banking
C-39086,1429,175,9,Office Supplies,Files & Folders,UPI
C-34557,4157,783,2,Electronics,Keyboards,UPI
C-39052,2717,840,3,Furniture,Office Chairs,UPI
C-34374,249,28,2,Office Supplies,Notebooks,UPI
C-30590,10026,1395,12,Furniture,Cabinets,Credit Card
C-35313,482,103,2,Office Supplies,Staplers,UPI
C-35728,1036,506,2,Office Supplies,Tape & Glue,Credit Card
C-39105,7913,1241,7,Furniture,Office Chairs,Net Banking
C-39052,6355,895,12,Furniture,Office Chairs,UPI
C-34562,2568,853,2,Electronics,Laptops,UPI
C-35313,819,-113,9,Office Supplies,Files & Folders,Debit Card
C-33910,4931,774,9,Furniture,Lockers,Credit Card
C-32144,1210,5,8,Office Supplies,Tape & Glue,Debit Card
C-30319,2166,555,9,Electronics,Laptops,Credit Card
C-30590,2095,293,10,Electronics,Printers,Credit Card
C-31612,5306,1836,6,Electronics,Keyboards,Net Banking
C-35038,4327,1175,6,Electronics,Printers,Debit Card
C-37041,5504,309,9,Furniture,Sofas,COD
C-37573,4506,456,7,Electronics,Keyboards,UPI
C-36669,1250,-357,3,Office Supplies,Staplers,COD
C-37062,3260,1118,4,Electronics,Laptops,Net Banking
C-36596,1714,-112,9,Office Supplies,Tape & Glue,Credit Card
C-34563,4534,-444,8,Furniture,Sofas,Credit Card
C-38837,781,356,4,Office Supplies,Staplers,UPI
C-38751,5473,437,4,Electronics,Laptops,Debit Card
C-36570,9905,-543,12,Furniture,Bookshelves,Debit Card
C-36304,1345,-60,12,Office Supplies,Files & Folders,Net Banking
C-34573,7190,-538,6,Electronics,Laptops,UPI
C-34506,8420,2446,4,Electronics,Webcams,Debit Card
C-39355,8266,-993,9,Furniture,Office Chairs,UPI
C-35925,4450,132,12,Furniture,Sofas,UPI
C-35977,1528,836,8,Office Supplies,Tape & Glue,Debit Card
C-37749,3475,-96,5,Furniture,Sofas,Debit Card
C-35310,718,-165,10,Office Supplies,Notebooks,Debit Card
C-38423,6301,-650,9,Furniture,Cabinets,Credit Card
C-32414,4209,481,4,Furniture,Standing Desks,Credit Card
C-31160,5212,826,12,Furniture,Sofas,Credit Card
C-34673,575,207,6,Office Supplies,Pens & Markers,Debit Card
C-32045,3843,843,7,Furniture,Office Chairs,Credit Card
C-36484,735,150,1,Office Supplies,Staplers,Debit Card
C-33114,1292,514,8,Office Supplies,Staplers,Debit Card
C-30434,8371,2244,4,Electronics,Laptops,Debit Card
C-37541,1776,-403,12,Office Supplies,Tape & Glue,UPI
C-38938,6713,-956,12,Furniture,Standing Desks,Net Banking
C-39440,4659,-418,4,Electronics,Webcams,Debit Card
C-32170,1149,166,5,Office Supplies,Notebooks,Credit Card
C-35378,4315,1002,11,Furniture,Lockers,UPI
C-39007,10631,-1340,3,Furniture,Lockers,UPI
C-35617,1295,-89,8,Office Supplies,Tape & Glue,Debit Card
C-38701,825,215,11,Office Supplies,Pens & Markers,Net Banking
C-36065,3767,-525,11,Furniture,Bookshelves,Credit Card
C-34803,6613,-364,6,Electronics,Monitors,Credit Card
C-33143,3442,-163,9,Furniture,Sofas,COD
C-35862,2352,-301,9,Furniture,Lockers,UPI
C-31489,6898,-202,6,Electronics,Webcams,Debit Card
C-39641,3276,20,9,Electronics,Printers,UPI
C-37123,557,248,1,Office Supplies,Tape & Glue,COD
C-34533,2042,109,7,Electronics,Headphones,Debit Card
C-36267,812,115,11,Office Supplies,Tape & Glue,Debit Card
C-34533,5726,455,10,Furniture,Lockers,UPI
C-31291,3497,357,3,Electronics,Monitors,UPI
C-34422,1138,320,4,Office Supplies,Files & Folders,Net Banking
C-35925,6576,2001,3,Electronics,Printers,Credit Card
C-33228,1186,568,6,Office Supplies,Tape & Glue,UPI
C-34422,3939,-191,3,Furniture,Lockers,Debit Card
C-33770,4168,152,12,Electronics,Webcams,COD
C-30520,6485,-430,4,Furniture,Lockers,UPI
C-34861,1591,856,10,Office Supplies,Pens & Markers,UPI
C-31104,5783,1029,4,Furniture,Sofas,Debit Card
C-33853,6437,1615,3,Electronics,Laptops,Credit Card
C-31232,8126,-396,7,Furniture,Cabinets,Credit Card
C-30931,425,-45,7,Office Supplies,Notebooks,Debit Card
C-31290,875,-96,11,Office Supplies,Staplers,COD
C-39333,392,191,8,Office Supplies,Pens & Markers,Net Banking
C-33593,3461,1003,4,Electronics,Printers,Credit Card
C-39007,1535,615,12,Office Supplies,Files & Folders,UPI
C-34371,11370,2007,9,Furniture,Lockers,Debit Card
C-39813,10530,-946,8,Furniture,Office Chairs,Net Banking
C-30727,1092,171,12,Office Supplies,Notebooks,UPI
C-31889,7068,1299,1,Electronics,Monitors,UPI
C-34573,8044,298,5,Electronics,Webcams,Credit Card
C-35718,5822,1825,12,Electronics,Keyboards,Credit Card
C-38423,1729,430,2,Office Supplies,Scissors,Debit Card
C-34342,1624,320,12,Office Supplies,Notebooks,Credit Card
C-33811,3449,354,3,Electronics,Webcams,Credit Card
C-30241,9449,-948,6,Furniture,Standing Desks,Debit Card
C-34374,4024,-401,12,Furniture,Standing Desks,Credit Card
C-34272,5091,1111,12,Electronics,Laptops,Debit Card
C-38518,4619,269,7,Furniture,Sofas,UPI
C-34557,1188,523,3,Office Supplies,Staplers,UPI
C-37517,1605,489,7,Office Supplies,Notebooks,UPI
C-36224,6731,1309,2,Furniture,Cabinets,Net Banking
C-31891,1305,457,1,Office Supplies,Pens & Markers,Credit Card
C-32780,7414,-722,8,Electronics,Monitors,UPI
C-31588,9794,975,8,Furniture,Lockers,UPI
C-33752,6009,2014,5,Furniture,Office Chairs,Debit Card
C-33681,2801,-135,1,Furniture,Standing Desks,Debit Card
C-33470,1778,-484,10,Office Supplies,Notebooks,Net Banking
C-35930,8339,-504,2,Electronics,Keyboards,Credit Card
C-37179,1406,-81,11,Office Supplies,Notebooks,Debit Card
C-34956,11210,-587,8,Furniture,Sofas,Debit Card
C-31654,1562,383,6,Electronics,Laptops,Credit Card
C-30387,7013,647,9,Electronics,Laptops,UPI
C-33483,1799,382,5,Electronics,Headphones,UPI
C-39125,2519,536,10,Electronics,Monitors,UPI
C-34889,10666,4191,8,Furniture,Lockers,Debit Card
C-33492,6705,569,6,Furniture,Lockers,UPI
C-39324,7797,2806,10,Furniture,Sofas,Credit Card
C-33295,10154,1227,3,Furniture,Lockers,Net Banking
C-38837,624,332,1,Office Supplies,Tape & Glue,UPI
C-36118,7326,-343,4,Electronics,Printers,Debit Card
C-33470,1172,58,9,Electronics,Webcams,Net Banking
C-33652,1341,-172,5,Office Supplies,Pens & Markers,UPI
C-32900,644,84,6,Office Supplies,Staplers,Debit Card
C-36570,712,-7,12,Office Supplies,Tape & Glue,Credit Card
C-38005,427,-8,6,Office Supplies,Notebooks,COD
C-32504,7331,-615,3,Electronics,Webcams,Credit Card
C-30452,10797,3700,8,Furniture,Cabinets,Debit Card
C-36592,1258,346,5,Electronics,Printers,Credit Card
C-32536,11096,1606,4,Furniture,Bookshelves,Credit Card
C-37956,1342,451,5,Electronics,Keyboards,Net Banking
C-35038,5932,832,3,Electronics,Webcams,Credit Card
C-33811,5675,-269,5,Electronics,Headphones,Debit Card
C-31160,1059,23,2,Electronics,Printers,Credit Card
C-39125,955,386,5,Office Supplies,Staplers,UPI
C-38935,1719,117,1,Electronics,Headphones,Debit Card
C-30525,1066,-297,8,Office Supplies,Scissors,Net Banking
C-35310,726,352,12,Office Supplies,Notebooks,Net Banking
C-36528,1973,485,2,Electronics,Keyboards,Net Banking
C-33450,4174,-155,1,Furniture,Lockers,Credit Card
C-39512,3897,-575,1,Furniture,Sofas,Debit Card
C-37359,7460,796,1,Furniture,Office Chairs,UPI
C-31163,7119,-979,5,Furniture,Lockers,Debit Card
C-33910,440,-59,5,Office Supplies,Staplers,Credit Card
C-33116,1763,40,3,Electronics,Printers,UPI
C-36227,1176,161,4,Office Supplies,Files & Folders,Credit Card
C-38669,6440,-464,12,Furniture,Bookshelves,Net Banking
C-36201,4806,-532,10,Furniture,Standing Desks,Net Banking
C-37752,2831,-222,8,Furniture,Cabinets,Net Banking
C-37428,815,-207,7,Office Supplies,Pens & Markers,Credit Card
C-31876,11711,2297,12,Furniture,Sofas,Debit Card
C-35967,7119,233,4,Furniture,Bookshelves,Debit Card
C-39813,3286,1266,8,Furniture,Sofas,Credit Card
C-37062,989,-214,5,Office Supplies,Tape & Glue,Debit Card
C-35442,9709,-219,4,Furniture,Cabinets,UPI
C-35635,7954,522,12,Furniture,Bookshelves,Net Banking
C-37177,4513,538,2,Electronics,Keyboards,Credit Card
C-30590,4578,1284,5,Electronics,Webcams,Debit Card
C-34915,4087,528,7,Furniture,Sofas,Net Banking
C-30035,1168,294,5,Office Supplies,Staplers,Credit Card
C-39125,4186,30,4,Electronics,Monitors,Credit Card
C-35413,1341,71,12,Electronics,Webcams,Credit Card
C-32927,7249,391,12,Electronics,Monitors,UPI
C-39038,3276,840,12,Furniture,Lockers,Credit Card
C-33853,5651,950,6,Electronics,Laptops,Credit Card
C-32504,3323,1097,2,Electronics,Headphones,Credit Card
C-30685,8208,246,11,Furniture,Sofas,Debit Card
C-35753,1703,-309,10,Office Supplies,Notebooks,Net Banking
C-39260,4403,939,8,Furniture,Office Chairs,Credit Card
C-38786,5534,560,4,Electronics,Monitors,Debit Card
C-38423,5471,1408,11,Electronics,Keyboards,UPI
C-35559,8296,455,2,Electronics,Printers,Credit Card
C-38666,8622,2726,5,Furniture,Sofas,UPI
C-39355,2013,476,6,Furniture,Office Chairs,UPI
C-38238,2727,257,10,Electronics,Laptops,Credit Card
C-39654,3935,325,7,Electronics,Printers,Credit Card
C-37956,9780,-718,9,Furniture,Standing Desks,Credit Card
C-30488,2063,61,11,Electronics,Webcams,UPI
C-39749,1357,-388,12,Office Supplies,Pens & Markers,Net Banking
C-36924,4224,-436,11,Furniture,Cabinets,Net Banking
C-31519,5751,1832,10,Electronics,Printers,UPI
C-30653,11044,3324,7,Furniture,Cabinets,Credit Card
C-33111,1268,-372,8,Office Supplies,Scissors,Net Banking
C-31535,1057,-75,9,Office Supplies,Tape & Glue,Credit Card
C-38977,1193,132,6,Office Supplies,Pens & Markers,UPI
C-38900,1455,-52,12,Electronics,Printers,Credit Card
C-36482,5034,-326,10,Electronics,Webcams,UPI
C-30916,6875,1365,11,Electronics,Printers,UPI
C-37811,11496,251,1,Furniture,Sofas,Net Banking
C-37119,9681,965,8,Furniture,Office Chairs,Credit Card
C-30344,3691,1226,5,Electronics,Webcams,UPI
C-37359,1253,422,12,Office Supplies,Tape & Glue,Debit Card
C-34304,5955,672,3,Electronics,Laptops,Credit Card
C-34920,2447,18,2,Furniture,Bookshelves,UPI
C-34422,546,-102,5,Office Supplies,Staplers,UPI
C-38004,6873,-342,3,Electronics,Laptops,Net Banking
C-30821,9317,497,3,Furniture,Standing Desks,UPI
C-36932,9944,-502,9,Furniture,Standing Desks,Net Banking
C-34349,1988,333,3,Electronics,Laptops,Net Banking
C-36304,2749,542,12,Electronics,Webcams,Debit Card
C-34673,1533,637,1,Office Supplies,Files & Folders,Debit Card
C-38834,373,35,8,Office Supplies,Pens & Markers,UPI
C-39641,5828,343,12,Furniture,Sofas,Credit Card
C-32045,5145,1500,1,Electronics,Headphones,UPI
C-32426,6358,267,9,Electronics,Webcams,Debit Card
C-31235,1118,270,7,Office Supplies,Pens & Markers,Debit Card
C-34554,7488,-9,2,Furniture,Bookshelves,UPI
C-38645,9554,2629,12,Furniture,Cabinets,UPI
C-35168,5193,706,11,Furniture,Sofas,Debit Card
C-39638,1151,-334,1,Office Supplies,Staplers,Net Banking
C-37744,230,33,11,Office Supplies,Scissors,Credit Card
C-30241,610,-52,1,Office Supplies,Tape & Glue,UPI
C-34978,1246,321,4,Office Supplies,Pens & Markers,COD
C-37953,3965,-406,10,Furniture,Office Chairs,UPI
C-38837,11274,3289,3,Furniture,Lockers,Net Banking
C-35718,6150,73,11,Furniture,Standing Desks,COD
C-31512,6528,1783,12,Furniture,Cabinets,Net Banking
C-38320,2126,534,5,Electronics,Keyboards,Debit Card
C-31389,3525,1227,5,Electronics,Webcams,COD
C-39295,4409,-303,4,Electronics,Headphones,Debit Card
C-31654,1037,-215,9,Office Supplies,Tape & Glue,Debit Card
C-39189,1347,-282,8,Office Supplies,Files & Folders,Debit Card
C-34033,179,-42,12,Office Supplies,Pens & Markers,UPI
C-33899,8144,1009,11,Electronics,Laptops,Debit Card
C-39038,829,-60,12,Office Supplies,Tape & Glue,UPI
C-34304,830,109,8,Electronics,Monitors,Credit Card
C-39489,7197,1910,2,Electronics,Printers,Credit Card
C-33119,1441,569,8,Office Supplies,Scissors,UPI
C-30188,7463,1679,7,Furniture,Bookshelves,UPI
C-33502,7985,1150,6,Furniture,Office Chairs,UPI
C-35155,6106,-52,9,Electronics,Keyboards,UPI
C-33899,2364,81,7,Electronics,Printers,Net Banking
C-35718,7886,927,11,Furniture,Lockers,Credit Card
C-30006,103,-13,12,Office Supplies,Notebooks,COD
C-33269,826,-203,9,Office Supplies,Scissors,Debit Card
C-37177,7634,2025,1,Electronics,Monitors,UPI
C-33164,1643,514,7,Office Supplies,Staplers,UPI
C-36201,10570,1079,11,Furniture,Lockers,Net Banking
C-30241,11492,-251,2,Furniture,Standing Desks,UPI
C-34345,1369,-388,10,Office Supplies,Scissors,UPI
C-37239,4138,-588,11,Furniture,Lockers,UPI
C-31827,4537,794,10,Electronics,Laptops,UPI
C-35930,1048,215,10,Office Supplies,Pens & Markers,UPI
C-30006,720,280,12,Office Supplies,Scissors,Debit Card
C-32414,6404,1019,3,Electronics,Laptops,UPI
C-36049,1244,-189,2,Office Supplies,Pens & Markers,UPI
C-34304,374,109,9,Office Supplies,Scissors,UPI
C-37461,113,-21,11,Office Supplies,Files & Folders,Debit Card
C-38900,1027,-237,1,Office Supplies,Pens & Markers,UPI
C-33814,1364,279,5,Office Supplies,Tape & Glue,Credit Card
C-32286,1839,-13,11,Electronics,Printers,UPI
C-34808,2759,888,10,Electronics,Webcams,Debit Card
C-32170,10190,1901,2,Furniture,Standing Desks,Debit Card
C-34279,4230,-414,4,Electronics,Keyboards,UPI
C-34011,7929,2572,9,Furniture,Office Chairs,Credit Card
C-30520,6201,-39,1,Electronics,Printers,UPI
C-30626,1758,919,8,Office Supplies,Tape & Glue,Credit Card
C-34333,118,-29,6,Office Supplies,Tape & Glue,UPI
C-30117,3538,628,8,Electronics,Keyboards,UPI
C-37149,10804,-575,1,Furniture,Office Chairs,Credit Card
C-38883,511,160,10,Office Supplies,Pens & Markers,Credit Card
C-38785,6920,1415,6,Electronics,Headphones,UPI
C-38201,496,-107,12,Office Supplies,Staplers,Credit Card
C-33450,481,-114,10,Office Supplies,Scissors,Credit Card
C-31964,2570,816,8,Electronics,Headphones,UPI
C-36912,4549,1018,11,Electronics,Headphones,Credit Card
C-33611,3551,-151,12,Electronics,Headphones,Credit Card
C-34325,1710,484,8,Electronics,Headphones,Credit Card
C-37752,8061,264,3,Electronics,Headphones,Debit Card
C-33608,4784,803,9,Furniture,Sofas,Net Banking
C-32925,1785,256,4,Office Supplies,Scissors,Credit Card
C-30409,918,209,12,Electronics,Keyboards,Net Banking
C-34956,919,176,10,Office Supplies,Staplers,COD
C-31389,8844,3441,1,Furniture,Office Chairs,COD
C-33456,2550,214,7,Furniture,Sofas,Credit Card
C-35107,9412,1152,2,Furniture,Office Chairs,Credit Card
C-37886,1528,69,4,Office Supplies,Tape & Glue,UPI
C-35085,6105,2133,1,Electronics,Headphones,Credit Card
C-35573,6561,699,10,Electronics,Headphones,Debit Card
C-38348,979,348,12,Office Supplies,Scissors,Credit Card
C-36482,4603,997,1,Electronics,Printers,Net Banking
C-30960,1444,-24,1,Office Supplies,Scissors,UPI
C-33598,5817,838,4,Electronics,Printers,Debit Card
C-38179,717,233,1,Office Supplies,Files & Folders,Credit Card
C-31307,2844,-253,6,Furniture,Bookshelves,Credit Card
C-34092,780,-117,9,Office Supplies,Staplers,Debit Card
C-34616,5354,-395,6,Furniture,Lockers,UPI
C-35718,1009,329,10,Office Supplies,Tape & Glue,Net Banking
C-31139,5693,149,5,Furniture,Standing Desks,Credit Card
C-34700,1246,-89,6,Electronics,Keyboards,Credit Card
C-34291,4010,435,9,Furniture,Sofas,Debit Card
C-37239,9405,1801,11,Furniture,Bookshelves,COD
C-33752,967,-218,7,Office Supplies,Notebooks,Net Banking
C-34088,1695,-43,2,Electronics,Laptops,Debit Card
C-30152,7967,-64,11,Electronics,Headphones,UPI
C-31528,5235,1671,8,Electronics,Printers,UPI
C-32143,6081,-549,4,Electronics,Printers,UPI
C-30117,1350,-19,10,Office Supplies,Files & Folders,UPI
C-34741,9965,1757,12,Furniture,Bookshelves,Credit Card
C-30152,9503,163,3,Furniture,Cabinets,Net Banking
C-32041,7265,123,8,Electronics,Headphones,Credit Card
C-32621,2015,118,8,Electronics,Laptops,COD
C-33644,10770,74,3,Furniture,Standing Desks,Net Banking
C-33116,4514,-276,2,Furniture,Lockers,UPI
C-30828,1836,180,6,Electronics,Monitors,UPI
C-33164,2568,554,6,Furniture,Lockers,UPI
C-33681,2131,298,2,Electronics,Monitors,COD
C-30949,7095,-245,8,Electronics,Webcams,COD
C-38669,1542,253,9,Office Supplies,Pens & Markers,UPI
C-32621,9764,3346,10,Furniture,Bookshelves,Debit Card
C-31163,9243,335,2,Furniture,Lockers,Debit Card
C-34978,1418,238,5,Office Supplies,Notebooks,UPI
C-38821,9306,433,6,Furniture,Standing Desks,UPI
C-31188,11558,1612,5,Furniture,Standing Desks,UPI
C-32296,1769,139,11,Office Supplies,Files & Folders,COD
C-33492,5185,620,10,Furniture,Cabinets,Debit Card
C-38004,769,29,12,Office Supplies,Tape & Glue,Net Banking
C-30035,3854,-364,6,Electronics,Webcams,Credit Card
C-34011,1517,-4,8,Electronics,Monitors,Debit Card
C-33262,3164,-83,12,Electronics,Webcams,COD
C-30590,8143,703,10,Electronics,Printers,Credit Card
C-37618,651,67,9,Office Supplies,Notebooks,COD
C-33269,1578,30,1,Office Supplies,Files & Folders,Credit Card
C-39512,2232,335,12,Electronics,Webcams,Credit Card
C-34065,410,167,5,Office Supplies,Notebooks,Credit Card
C-39740,1739,343,8,Office Supplies,Staplers,Credit Card
C-33116,1019,260,3,Electronics,Headphones,UPI
C-34333,9742,-795,11,Furniture,Lockers,Net Banking
C-39083,4829,1487,11,Electronics,Headphones,UPI
C-34342,1039,566,2,Office Supplies,Staplers,Credit Card
C-34279,4736,731,5,Electronics,Monitors,Debit Card
C-34700,7503,-346,9,Electronics,Printers,Debit Card
C-35378,363,70,3,Office Supplies,Staplers,UPI
C-39295,7855,-472,5,Furniture,Standing Desks,Credit Card
C-36596,2798,26,9,Furniture,Bookshelves,Debit Card
C-38830,426,149,3,Office Supplies,Files & Folders,Debit Card
C-31343,10908,299,6,Furniture,Standing Desks,Net Banking
C-33981,6447,1463,12,Furniture,Bookshelves,Credit Card
C-34065,7761,2350,1,Furniture,Sofas,UPI
C-35279,7179,848,6,Electronics,Keyboards,COD
C-39224,476,-80,4,Office Supplies,Pens & Markers,Net Banking
C-32927,10612,3346,12,Furniture,Sofas,Credit Card
C-39763,973,465,2,Office Supplies,Scissors,Net Banking
C-30106,743,-26,6,Office Supplies,Scissors,UPI
C-37517,5085,1238,6,Electronics,Monitors,UPI
C-33492,6898,1838,4,Electronics,Laptops,UPI
C-38856,5712,109,4,Furniture,Standing Desks,UPI
C-31827,1444,503,2,Office Supplies,Scissors,UPI
C-30027,1148,-13,1,Electronics,Webcams,Debit Card
C-35313,2971,320,5,Furniture,Sofas,UPI
C-32340,884,211,2,Electronics,Printers,COD
C-37149,439,-62,6,Office Supplies,Files & Folders,UPI
C-35139,598,302,6,Office Supplies,Tape & Glue,Credit Card
C-30152,5962,761,2,Furniture,Lockers,UPI
C-31424,10664,-326,4,Furniture,Office Chairs,COD
C-37668,38,20,2,Office Supplies,Files & Folders,COD
C-31084,9777,504,10,Furniture,Lockers,UPI
C-35107,4963,1534,7,Furniture,Office Chairs,Credit Card
C-33752,8677,-763,6,Furniture,Standing Desks,UPI
C-32925,308,37,6,Office Supplies,Files & Folders,Debit Card
C-31697,2665,-279,8,Furniture,Lockers,UPI
C-37962,5718,1322,11,Electronics,Webcams,COD
C-38821,5337,444,7,Electronics,Headphones,UPI
C-39502,1420,17,1,Office Supplies,Scissors,COD
C-32546,1661,130,9,Electronics,Printers,Debit Card
C-30832,323,11,12,Office Supplies,Pens & Markers,Credit Card
C-37541,375,-91,4,Office Supplies,Tape & Glue,UPI
C-36548,4011,-87,7,Furniture,Cabinets,Debit Card
C-31122,7074,1145,5,Electronics,Printers,Debit Card
C-37508,7834,875,10,Furniture,Cabinets,COD
C-33116,3084,-103,8,Electronics,Monitors,UPI
C-39560,4873,18,3,Electronics,Webcams,UPI
C-33044,3117,386,1,Furniture,Office Chairs,COD
C-38379,6364,299,5,Electronics,Monitors,Debit Card
C-37066,1383,468,8,Office Supplies,Pens & Markers,Debit Card
C-33770,1385,170,9,Office Supplies,Staplers,UPI
C-36888,5277,-485,1,Electronics,Monitors,COD
C-31528,951,-31,7,Office Supplies,Scissors,Credit Card
C-37744,392,67,5,Office Supplies,Pens & Markers,Net Banking
C-30722,912,-169,12,Office Supplies,Scissors,Credit Card
C-31827,1412,165,9,Office Supplies,Files & Folders,Debit Card
C-34061,9797,1560,3,Furniture,Cabinets,Credit Card
C-36216,4852,805,7,Electronics,Keyboards,Debit Card
C-39016,3425,-247,10,Electronics,Keyboards,UPI
C-32442,7431,1738,1,Electronics,Keyboards,Debit Card
C-36592,8235,-794,6,Furniture,Bookshelves,COD
C-32085,1262,249,4,Electronics,Keyboards,UPI
C-39195,1495,462,2,Electronics,Monitors,Net Banking
C-36924,377,-106,6,Office Supplies,Staplers,UPI
C-36049,11306,1505,7,Furniture,Cabinets,UPI
C-37541,11633,-1602,6,Furniture,Cabinets,Credit Card
C-30711,5490,-307,8,Electronics,Keyboards,UPI
C-37007,7504,924,11,Furniture,Standing Desks,UPI
C-36065,7952,3047,4,Furniture,Bookshelves,Credit Card
C-36304,468,-26,1,Office Supplies,Files & Folders,UPI
C-31113,5700,1103,2,Furniture,Cabinets,Debit Card
C-30931,11697,412,2,Furniture,Office Chairs,Credit Card
C-35409,8997,-311,2,Furniture,Cabinets,Debit Card
C-35491,7387,258,11,Electronics,Monitors,Credit Card
C-30916,853,-73,9,Office Supplies,Scissors,Credit Card
C-32900,2304,450,9,Furniture,Standing Desks,Net Banking
C-34915,5489,1171,12,Furniture,Cabinets,COD
C-34073,5164,1363,7,Electronics,Printers,COD
C-34673,2981,409,6,Furniture,Lockers,Credit Card
C-37517,1558,440,5,Office Supplies,Notebooks,Net Banking
C-36745,7846,2146,2,Electronics,Keyboards,Debit Card
C-37397,7547,220,3,Electronics,Keyboards,UPI
C-37651,8649,-162,3,Furniture,Standing Desks,UPI
C-31137,980,110,7,Office Supplies,Staplers,Credit Card
C-39485,356,-24,1,Office Supplies,Notebooks,UPI
C-39440,5311,-110,1,Electronics,Printers,COD
C-31771,1253,359,2,Electronics,Laptops,UPI
C-37711,8177,2696,6,Electronics,Laptops,Debit Card
C-38977,1749,551,3,Office Supplies,Scissors,UPI
C-37041,10196,3702,9,Furniture,Lockers,Debit Card
C-36745,6125,753,2,Furniture,Sofas,UPI
C-33770,704,286,12,Office Supplies,Staplers,Credit Card
C-31163,5865,2137,4,Furniture,Lockers,UPI
C-30727,592,43,5,Office Supplies,Notebooks,Net Banking
C-30027,1122,20,2,Office Supplies,Scissors,UPI
C-39189,6392,69,5,Electronics,Webcams,Net Banking
C-34616,1003,309,5,Office Supplies,Staplers,UPI
C-36537,2895,665,11,Furniture,Office Chairs,UPI
C-38830,7067,1423,12,Furniture,Cabinets,Credit Card
C-36924,10763,3517,8,Furniture,Office Chairs,Credit Card
C-31824,3264,-193,4,Electronics,Keyboards,UPI
C-34272,1323,-40,11,Office Supplies,Scissors,Credit Card
C-38317,194,77,8,Office Supplies,Staplers,Credit Card
C-32724,6676,601,2,Electronics,Keyboards,Net Banking
C-38346,10295,-1168,7,Furniture,Bookshelves,Debit Card
C-39038,7353,730,1,Furniture,Lockers,Debit Card
C-34073,5010,984,11,Furniture,Lockers,UPI
C-38308,5947,222,10,Electronics,Headphones,UPI
C-30936,1087,333,11,Office Supplies,Notebooks,Debit Card
C-33228,8722,2494,6,Furniture,Lockers,Credit Card
C-32143,6270,-342,10,Furniture,Standing Desks,Net Banking
C-32200,1491,129,3,Electronics,Headphones,Credit Card
C-35947,2638,-239,1,Electronics,Monitors,COD
C-38565,5747,2004,8,Furniture,Sofas,UPI
C-32584,2815,198,7,Furniture,Standing Desks,Debit Card
C-39654,783,-121,10,Office Supplies,Pens & Markers,UPI
C-36528,9129,2513,8,Furniture,Sofas,Net Banking
C-35344,2638,583,4,Electronics,Laptops,COD
C-30188,6914,846,3,Electronics,Keyboards,Credit Card
C-36615,471,257,5,Office Supplies,Files & Folders,Debit Card
C-31343,399,18,3,Office Supplies,Scissors,UPI
C-31588,5860,603,4,Electronics,Headphones,Credit Card
C-33483,9506,-977,8,Furniture,Lockers,UPI
C-38900,4056,848,12,Electronics,Printers,Credit Card
C-34915,5692,87,2,Electronics,Printers,Credit Card
C-36543,510,51,6,Office Supplies,Staplers,COD
C-34011,2745,-403,9,Furniture,Sofas,Debit Card
C-36939,6298,421,9,Electronics,Webcams,UPI
C-30750,377,48,6,Office Supplies,Staplers,Net Banking
C-34978,679,206,7,Office Supplies,Pens & Markers,UPI
C-31133,120,63,8,Office Supplies,Staplers,Net Banking
C-35107,3753,1188,5,Electronics,Printers,Net Banking
C-37144,7595,1843,5,Electronics,Monitors,Credit Card
C-34506,3384,783,8,Electronics,Headphones,Debit Card
C-37811,1777,860,11,Office Supplies,Files & Folders,Debit Card
C-31343,334,-84,3,Office Supplies,Notebooks,UPI
C-36735,6583,725,2,Electronics,Headphones,COD
C-36755,4416,266,12,Electronics,Laptops,Credit Card
C-32532,1721,482,3,Electronics,Webcams,UPI
C-39224,611,-89,3,Office Supplies,Notebooks,Debit Card
C-36209,8098,1606,4,Electronics,Monitors,Credit Card
C-39813,1600,296,7,Office Supplies,Files & Folders,COD
C-37749,1416,-311,6,Office Supplies,Scissors,UPI
C-37260,3998,267,10,Furniture,Lockers,COD
C-37397,344,-94,8,Office Supplies,Staplers,Net Banking
C-38085,9439,1846,5,Furniture,Cabinets,Credit Card
C-31188,119,30,8,Office Supplies,Staplers,UPI
C-30514,11325,-893,1,Furniture,Lockers,Net Banking
C-34061,7338,-550,2,Electronics,Keyboards,Credit Card
C-34012,3516,243,3,Furniture,Cabinets,UPI
C-38346,968,274,3,Electronics,Laptops,Credit Card
C-30152,6101,1456,11,Electronics,Keyboards,UPI
C-39195,7362,696,5,Electronics,Webcams,Net Banking
C-38279,7882,1702,6,Furniture,Standing Desks,Credit Card
C-38005,8053,601,5,Electronics,Webcams,Credit Card
C-38317,6997,630,6,Electronics,Laptops,Debit Card
C-31604,4289,-249,9,Electronics,Printers,UPI
C-35378,2636,504,12,Electronics,Printers,UPI
C-36209,5957,1139,2,Electronics,Monitors,UPI
C-37527,8231,2145,5,Electronics,Laptops,UPI
C-36912,645,267,9,Office Supplies,Tape & Glue,Credit Card
C-34930,11027,-1189,1,Furniture,Office Chairs,Credit Card
C-30188,8766,-859,11,Furniture,Cabinets,Debit Card
C-39740,2887,472,9,Electronics,Keyboards,UPI
C-34073,9583,-491,3,Furniture,Lockers,Net Banking
C-31160,882,392,5,Office Supplies,Pens & Markers,UPI
C-34342,9371,1809,5,Furniture,Cabinets,UPI
C-34351,409,-95,10,Office Supplies,Notebooks,UPI
C-33527,9107,1310,1,Furniture,Office Chairs,Credit Card
C-31139,1373,144,12,Office Supplies,Notebooks,Credit Card
C-39502,11861,2956,5,Furniture,Lockers,Debit Card
C-30406,8471,2478,2,Furniture,Bookshelves,UPI
C-39038,259,101,12,Office Supplies,Notebooks,COD
C-33733,1015,255,11,Office Supplies,Notebooks,UPI
C-36126,5127,-526,8,Furniture,Sofas,UPI
C-39007,1754,-44,3,Electronics,Laptops,Debit Card
C-34291,4662,-425,8,Electronics,Webcams,Credit Card
C-39292,1196,484,7,Office Supplies,Staplers,UPI
C-37062,1321,555,7,Office Supplies,Pens & Markers,COD
C-37433,5540,931,9,Electronics,Printers,COD
C-30053,848,95,10,Office Supplies,Scissors,Debit Card
C-36484,5799,1408,9,Furniture,Cabinets,UPI
C-30158,11064,-1273,11,Furniture,Bookshelves,Credit Card
C-37956,4853,874,11,Electronics,Laptops,UPI
C-34119,2340,-143,12,Furniture,Cabinets,UPI
C-36924,2701,346,10,Electronics,Webcams,Net Banking
C-33456,7791,2174,11,Electronics,Monitors,Credit Card
C-32085,6627,501,7,Electronics,Printers,Net Banking
C-37179,7902,2274,3,Furniture,Lockers,Debit Card
C-32266,6937,-424,8,Electronics,Printers,UPI
C-30651,1270,150,7,Office Supplies,Notebooks,COD
C-32045,2722,-15,1,Electronics,Keyboards,COD
C-31127,3724,761,3,Electronics,Keyboards,Net Banking
C-34920,3043,108,2,Furniture,Office Chairs,Debit Card
C-36924,488,55,6,Office Supplies,Files & Folders,Debit Card
C-37041,577,266,12,Office Supplies,Files & Folders,Net Banking
C-38837,3706,883,8,Furniture,Lockers,Debit Card
C-39489,1630,356,2,Office Supplies,Pens & Markers,Net Banking
C-35279,245,-38,2,Office Supplies,Files & Folders,Net Banking
C-36570,6766,212,8,Electronics,Headphones,Debit Card
C-30993,7931,-438,11,Electronics,Printers,Credit Card
C-33441,1767,-226,7,Office Supplies,Pens & Markers,Debit Card
C-34552,1739,674,6,Office Supplies,Notebooks,UPI
C-39863,574,9,7,Office Supplies,Pens & Markers,Credit Card
C-31403,4483,1184,9,Furniture,Standing Desks,Credit Card
C-31084,1672,107,7,Office Supplies,Notebooks,Net Banking
C-30685,7927,2925,8,Furniture,Lockers,UPI
C-33946,1681,234,2,Office Supplies,Tape & Glue,UPI
C-35728,7127,-185,1,Electronics,Webcams,Credit Card
C-35168,1343,-230,10,Office Supplies,Tape & Glue,UPI
C-31146,10516,4048,7,Furniture,Lockers,Credit Card
C-32426,11070,3658,12,Furniture,Lockers,Debit Card
C-33139,7574,196,9,Electronics,Laptops,Debit Card
C-31530,857,67,4,Office Supplies,Tape & Glue,Net Banking
C-39044,9244,2159,11,Furniture,Sofas,Credit Card
C-33470,202,-54,6,Office Supplies,Staplers,Credit Card
C-38423,4064,553,9,Furniture,Lockers,UPI
C-31519,1160,-40,6,Office Supplies,Files & Folders,Debit Card
C-31964,87,39,9,Office Supplies,Pens & Markers,Credit Card
C-34012,1517,90,9,Office Supplies,Staplers,UPI
C-35139,561,130,6,Office Supplies,Staplers,UPI
C-39125,9352,129,12,Furniture,Office Chairs,UPI
C-32266,7397,1742,10,Electronics,Headphones,Credit Card
C-32705,10737,3376,4,Furniture,Lockers,Credit Card
C-35820,7228,1928,10,Electronics,Printers,Debit Card
C-38835,10514,2687,2,Furniture,Cabinets,UPI
C-30058,7919,790,3,Furniture,Standing Desks,Debit Card
C-39083,1555,-111,3,Electronics,Laptops,Credit Card
C-31139,3825,782,7,Electronics,Laptops,Credit Card
C-37066,6320,1083,11,Furniture,Cabinets,Credit Card
C-35862,8427,2751,12,Electronics,Printers,COD
C-36916,1065,-204,12,Office Supplies,Notebooks,Credit Card
C-32088,10669,-907,4,Furniture,Sofas,Credit Card
C-31982,351,176,6,Office Supplies,Tape & Glue,COD
C-31084,1775,84,2,Office Supplies,Files & Folders,Credit Card
C-34673,5082,-157,6,Electronics,Laptops,UPI
C-31697,3208,380,3,Electronics,Keyboards,UPI
C-35977,2797,1021,5,Furniture,Cabinets,Net Banking
C-33910,1707,561,1,Office Supplies,Notebooks,UPI
C-35514,7930,-633,8,Electronics,Laptops,Credit Card
C-36224,7534,2107,8,Furniture,Cabinets,Net Banking
C-31200,4269,544,8,Furniture,Standing Desks,Debit Card
C-34272,4440,1449,6,Furniture,Cabinets,UPI
C-36888,8711,548,7,Furniture,Lockers,UPI
C-38288,937,305,11,Office Supplies,Tape & Glue,UPI
C-35514,80,14,12,Office Supplies,Tape & Glue,UPI
C-35147,11164,-1151,10,Furniture,Office Chairs,Credit Card
C-37811,1098,-152,8,Office Supplies,Files & Folders,Credit Card
C-38938,1378,683,3,Office Supplies,Pens & Markers,COD
C-37239,2809,767,10,Electronics,Headphones,Credit Card
C-33456,7249,514,1,Furniture,Sofas,Credit Card
C-35183,925,-135,1,Office Supplies,Staplers,Net Banking
C-33492,2906,-171,2,Electronics,Webcams,Credit Card
C-35464,2296,34,2,Electronics,Headphones,UPI
C-39016,2186,-160,6,Electronics,Printers,UPI
C-35491,6882,443,6,Furniture,Office Chairs,UPI
C-39197,3876,1254,2,Electronics,Keyboards,UPI
C-34649,1230,-121,9,Office Supplies,Files & Folders,Debit Card
C-35804,3006,-218,8,Electronics,Laptops,Credit Card
C-36065,89,4,4,Office Supplies,Scissors,Net Banking
C-34803,1164,604,11,Office Supplies,Staplers,UPI
C-31697,4057,71,7,Furniture,Lockers,Credit Card
C-34669,5333,1496,3,Furniture,Sofas,Credit Card
C-39641,1130,575,9,Office Supplies,Notebooks,Credit Card
C-31528,1728,393,11,Office Supplies,Scissors,COD
C-34573,1017,-68,5,Office Supplies,Pens & Markers,Net Banking
C-30319,7701,1420,10,Electronics,Keyboards,Net Banking
C-34889,2122,493,10,Electronics,Laptops,UPI
C-37239,1460,-285,3,Office Supplies,Scissors,Debit Card
C-35974,2527,441,6,Electronics,Webcams,Net Banking
C-30832,2941,1002,12,Electronics,Printers,Credit Card
C-35559,688,-6,8,Office Supplies,Tape & Glue,COD
C-39224,8287,1751,11,Electronics,Laptops,COD
C-33139,2070,715,11,Furniture,Cabinets,UPI
C-31604,10011,2696,9,Furniture,Lockers,UPI
C-35464,3270,478,11,Furniture,Lockers,Credit Card
C-38279,1694,33,10,Office Supplies,Staplers,Credit Card
C-35718,47,-9,6,Office Supplies,Tape & Glue,COD
C-31232,2614,612,5,Electronics,Laptops,Debit Card
C-30525,5137,-516,10,Furniture,Bookshelves,Debit Card
C-39512,5838,2271,6,Furniture,Standing Desks,UPI
C-39189,6591,1138,1,Electronics,Printers,UPI
C-38518,3817,1253,10,Furniture,Cabinets,Credit Card
C-36596,426,111,10,Office Supplies,Files & Folders,Debit Card
C-37668,4875,-556,3,Furniture,Sofas,Debit Card
C-34065,1197,511,9,Office Supplies,Staplers,Debit Card
C-33733,7744,1588,12,Electronics,Headphones,Debit Card
C-35107,11176,3751,1,Furniture,Bookshelves,COD
C-30006,2849,910,6,Furniture,Lockers,Credit Card
C-38935,1797,370,8,Electronics,Keyboards,Credit Card
C-34978,5678,-705,7,Furniture,Office Chairs,Credit Card
C-37239,4010,-49,2,Electronics,Laptops,Net Banking
C-35378,492,261,7,Office Supplies,Tape & Glue,COD
C-37573,366,-7,2,Office Supplies,Notebooks,Debit Card
C-32286,1012,67,1,Office Supplies,Pens & Markers,Credit Card
C-33269,6102,-85,8,Furniture,Bookshelves,UPI
C-30750,7530,377,4,Electronics,Laptops,COD
C-34173,9184,2482,11,Furniture,Sofas,Credit Card
C-37179,154,73,7,Office Supplies,Pens & Markers,UPI
C-33111,4089,-473,8,Furniture,Office Chairs,UPI
C-35728,9075,-1032,11,Furniture,Lockers,UPI
C-36745,1770,42,2,Office Supplies,Staplers,Debit Card
C-34092,7882,1338,11,Electronics,Headphones,Debit Card
C-33111,4602,1186,10,Electronics,Webcams,Debit Card
C-38085,8480,1730,1,Electronics,Printers,Credit Card
C-34061,2376,-122,1,Electronics,Monitors,Credit Card
C-39355,1646,682,10,Office Supplies,Files & Folders,UPI
C-31982,7822,637,12,Furniture,Bookshelves,Debit Card
C-32442,311,117,1,Office Supplies,Notebooks,UPI
C-37517,10407,3932,6,Furniture,Cabinets,UPI
C-34905,4415,477,10,Furniture,Standing Desks,UPI
C-38279,5040,826,11,Electronics,Laptops,UPI
C-30727,1707,699,1,Office Supplies,Files & Folders,Credit Card
C-33733,1341,633,2,Office Supplies,Notebooks,UPI
C-38830,9657,1736,6,Furniture,Cabinets,Net Banking
C-37953,6909,554,3,Furniture,Bookshelves,UPI
C-35107,479,230,11,Office Supplies,Scissors,UPI
C-36930,1307,-155,8,Office Supplies,Scissors,Debit Card
C-33527,3879,-29,3,Electronics,Printers,Net Banking
C-32426,50,-11,1,Office Supplies,Staplers,Credit Card
C-39577,931,-125,10,Office Supplies,Staplers,Net Banking
C-38280,1043,-10,5,Electronics,Laptops,UPI
C-35344,2227,117,9,Electronics,Printers,UPI
C-37573,390,162,2,Office Supplies,Pens & Markers,UPI
C-33752,8208,1725,2,Furniture,Standing Desks,UPI
C-30960,964,-92,6,Office Supplies,Staplers,Debit Card
C-37062,9106,3033,2,Furniture,Sofas,UPI
C-31776,422,64,12,Office Supplies,Notebooks,Credit Card
C-35425,6006,2141,10,Furniture,Cabinets,Credit Card
C-32286,4434,134,1,Furniture,Bookshelves,Debit Card
C-34554,7775,1000,10,Electronics,Headphones,Net Banking
C-31137,196,71,11,Office Supplies,Tape & Glue,Debit Card
C-30452,824,279,11,Office Supplies,Files & Folders,Debit Card
C-33657,5050,550,6,Electronics,Webcams,Debit Card
C-33644,9918,2416,8,Furniture,Lockers,Credit Card
C-36570,11567,2398,4,Furniture,Cabinets,UPI
C-32664,1797,-181,4,Office Supplies,Scissors,UPI
C-31049,2087,669,6,Electronics,Monitors,UPI
C-31535,1569,-358,8,Office Supplies,Notebooks,Credit Card
C-30998,114,10,10,Office Supplies,Files & Folders,UPI
C-38797,4343,364,8,Electronics,Webcams,UPI
C-37787,2271,224,5,Electronics,Laptops,Debit Card
C-37973,3212,896,9,Electronics,Laptops,Credit Card
C-32144,496,-107,2,Office Supplies,Staplers,Credit Card
C-30400,7468,-312,6,Furniture,Standing Desks,UPI
C-36735,6496,-293,10,Furniture,Lockers,COD
C-39813,10898,3834,1,Furniture,Lockers,Debit Card
C-37749,7215,2514,7,Electronics,Keyboards,Net Banking
C-37527,9733,2041,3,Furniture,Office Chairs,Net Banking
C-32615,1511,508,8,Office Supplies,Notebooks,UPI
C-39333,9679,2394,8,Furniture,Sofas,UPI
C-39938,1762,-247,12,Office Supplies,Staplers,Credit Card
C-31139,7787,1178,6,Electronics,Webcams,UPI
C-37973,1541,-449,11,Office Supplies,Staplers,Net Banking
C-38423,4233,387,7,Electronics,Headphones,Debit Card
C-33733,6909,202,1,Furniture,Sofas,Credit Card
C-32938,344,182,6,Office Supplies,Notebooks,Credit Card
C-37973,11402,3726,7,Furniture,Sofas,UPI
C-34279,5178,382,8,Electronics,Laptops,UPI
C-35155,6991,-690,2,Furniture,Cabinets,Debit Card
C-33923,1722,491,8,Office Supplies,Pens & Markers,UPI
C-30409,820,-48,4,Office Supplies,Pens & Markers,UPI
C-32647,9449,-1118,9,Furniture,Office Chairs,UPI
C-30931,4003,-117,2,Electronics,Webcams,UPI
C-37019,6887,-475,4,Electronics,Webcams,UPI
C-30832,915,361,11,Office Supplies,Staplers,Credit Card
C-36939,7084,1226,9,Furniture,Sofas,Debit Card
C-39774,2452,-236,3,Electronics,Keyboards,Credit Card
C-38645,7415,82,6,Electronics,Monitors,Net Banking
C-39654,4590,731,12,Electronics,Webcams,UPI
C-30958,7681,1806,12,Furniture,Cabinets,Debit Card
C-33143,7545,1995,3,Electronics,Monitors,Credit Card
C-34700,1531,102,7,Office Supplies,Files & Folders,Net Banking
C-37019,1194,-261,12,Office Supplies,Tape & Glue,COD
C-36201,590,265,9,Office Supplies,Notebooks,UPI
C-33946,1517,476,4,Office Supplies,Tape & Glue,Net Banking
C-31160,1793,623,2,Electronics,Monitors,Debit Card
C-31753,8719,854,5,Furniture,Bookshelves,UPI
C-31489,84,-19,12,Office Supplies,Scissors,Debit Card
C-30685,3615,851,4,Electronics,Webcams,Credit Card
C-32045,264,79,3,Office Supplies,Staplers,UPI
C-39044,9942,1031,2,Furniture,Cabinets,Credit Card
C-30434,926,-167,5,Office Supplies,Tape & Glue,Net Banking
C-33728,1273,-273,5,Office Supplies,Pens & Markers,UPI
C-31776,4759,-510,1,Furniture,Cabinets,Debit Card
C-37541,763,-113,12,Office Supplies,Scissors,UPI
C-31876,5541,516,1,Furniture,Sofas,Net Banking
C-36267,3684,238,5,Furniture,Lockers,Credit Card
C-35635,2797,768,4,Furniture,Office Chairs,COD
C-38835,2438,-143,7,Electronics,Headphones,UPI
C-35977,1710,-233,11,Office Supplies,Staplers,UPI
C-32103,373,117,1,Office Supplies,Tape & Glue,Credit Card
C-33611,690,122,4,Office Supplies,Staplers,Debit Card
C-31545,9010,-752,4,Furniture,Cabinets,UPI
C-33899,922,74,6,Electronics,Headphones,UPI
C-37461,480,-117,5,Office Supplies,Scissors,Debit Card
C-35967,1351,403,7,Electronics,Laptops,UPI
C-39863,3668,887,10,Furniture,Cabinets,UPI
C-38727,694,370,12,Office Supplies,Files & Folders,Credit Card
C-31584,7440,-398,12,Furniture,Standing Desks,UPI
C-31403,3106,106,10,Furniture,Cabinets,Net Banking
C-32662,4986,938,4,Electronics,Webcams,Credit Card
C-34562,5811,-803,2,Furniture,Office Chairs,UPI
C-36572,5990,1143,1,Furniture,Cabinets,UPI
C-38669,2454,-77,4,Electronics,Keyboards,Debit Card
C-38348,1254,677,8,Office Supplies,Tape & Glue,Debit Card
C-35138,3078,132,1,Electronics,Headphones,Credit Card
C-33258,7457,222,1,Electronics,Printers,UPI
C-33164,7615,-127,9,Furniture,Bookshelves,UPI
C-34533,5644,1040,7,Furniture,Standing Desks,Credit Card
C-34010,1319,-388,8,Office Supplies,Scissors,UPI
C-30027,1329,721,4,Office Supplies,Pens & Markers,UPI
C-38565,1154,469,4,Office Supplies,Files & Folders,UPI
C-32851,1514,146,3,Office Supplies,Scissors,Debit Card
C-31790,391,84,5,Office Supplies,Scissors,UPI
C-36311,2449,54,8,Electronics,Printers,UPI
C-33006,3894,-95,8,Electronics,Webcams,Credit Card
C-33814,9101,2440,8,Furniture,Lockers,UPI
C-34173,7796,-487,5,Electronics,Webcams,Credit Card
C-38445,1518,-228,7,Office Supplies,Files & Folders,Credit Card
C-38701,3873,592,8,Electronics,Keyboards,UPI
C-37886,991,-132,4,Office Supplies,Tape & Glue,UPI
C-36888,8131,978,7,Furniture,Lockers,COD
C-32697,8292,988,11,Furniture,Bookshelves,COD
C-37527,109,59,2,Office Supplies,Scissors,Credit Card
C-30406,5182,1397,5,Furniture,Standing Desks,Debit Card
C-35574,10349,2483,11,Furniture,Bookshelves,Debit Card
C-34339,8313,2989,12,Furniture,Office Chairs,UPI
C-33814,8348,2219,11,Electronics,Laptops,Debit Card
C-30964,1393,346,5,Office Supplies,Tape & Glue,Debit Card
C-34073,6166,-85,10,Furniture,Standing Desks,COD
C-34033,269,95,11,Office Supplies,Pens & Markers,Debit Card
C-33733,6584,1078,2,Electronics,Webcams,Credit Card
C-39740,369,149,5,Office Supplies,Scissors,Debit Card
C-34040,8271,1425,12,Furniture,Sofas,Credit Card
C-36537,3790,757,6,Furniture,Office Chairs,Net Banking
C-39771,2516,801,7,Electronics,Printers,Debit Card
C-31894,1701,200,2,Office Supplies,Notebooks,UPI
C-39446,10600,840,5,Furniture,Cabinets,Debit Card
C-39489,797,-112,3,Office Supplies,Notebooks,UPI
C-39939,255,21,4,Office Supplies,Files & Folders,UPI
C-35539,404,156,4,Office Supplies,Tape & Glue,UPI
C-34092,5935,1844,2,Electronics,Webcams,Net Banking
C-34920,630,-143,2,Office Supplies,Pens & Markers,UPI
C-33228,5597,31,8,Electronics,Laptops,Debit Card
C-37886,155,-11,1,Office Supplies,Pens & Markers,Debit Card
C-31489,462,66,1,Office Supplies,Pens & Markers,Credit Card
C-34554,9961,1098,6,Furniture,Bookshelves,Debit Card
C-31312,6385,1919,6,Electronics,Keyboards,Net Banking
C-35967,4064,285,1,Electronics,Printers,COD
C-33872,825,87,12,Electronics,Laptops,Credit Card
C-35000,1262,-246,9,Office Supplies,Pens & Markers,UPI
C-30488,8036,791,11,Furniture,Standing Desks,Debit Card
C-30058,4184,824,1,Electronics,Monitors,COD
C-35573,5991,371,1,Electronics,Laptops,COD
C-34315,9279,-199,8,Furniture,Bookshelves,Credit Card
C-34889,7707,657,8,Furniture,Office Chairs,COD
C-35168,8305,96,4,Furniture,Office Chairs,Debit Card
C-31684,10267,-1360,8,Furniture,Sofas,Debit Card
C-38835,5295,1822,8,Electronics,Printers,UPI
C-33878,4749,941,4,Electronics,Laptops,UPI
C-39674,1463,-327,7,Office Supplies,Tape & Glue,COD
C-35464,698,326,5,Office Supplies,Notebooks,UPI
C-32045,4701,1542,11,Electronics,Printers,UPI
C-36691,1327,420,2,Office Supplies,Files & Folders,Debit Card
C-36543,8433,1342,10,Electronics,Headphones,UPI
C-33139,8256,1839,12,Electronics,Webcams,Debit Card
C-31684,11206,4274,7,Furniture,Lockers,Net Banking
C-39355,266,-14,2,Office Supplies,Staplers,UPI
C-32579,5082,1318,2,Furniture,Sofas,Credit Card
C-38238,808,153,1,Office Supplies,Staplers,UPI
C-34462,5110,1614,7,Furniture,Sofas,UPI
C-33443,8450,2183,9,Electronics,Printers,Debit Card
C-30434,3746,252,9,Furniture,Standing Desks,Net Banking
C-32662,7485,2427,4,Electronics,Headphones,Credit Card
C-32780,5727,157,12,Electronics,Headphones,Debit Card
C-38479,11812,308,9,Furniture,Office Chairs,COD
C-36653,1766,530,8,Office Supplies,Staplers,Debit Card
C-36227,626,186,7,Office Supplies,Scissors,UPI
C-31638,7582,1687,12,Electronics,Headphones,COD
C-31753,1536,-392,3,Office Supplies,Tape & Glue,Net Banking
C-32414,6900,2700,11,Furniture,Cabinets,Net Banking
C-32724,1152,38,7,Office Supplies,Pens & Markers,Debit Card
C-31790,4003,-270,12,Electronics,Webcams,UPI
C-35344,10978,730,3,Furniture,Standing Desks,UPI
C-37508,6981,709,3,Furniture,Office Chairs,Credit Card
C-35183,4752,147,3,Electronics,Printers,UPI
C-35930,2149,105,10,Furniture,Standing Desks,UPI
C-37651,904,250,3,Office Supplies,Scissors,COD
C-33483,1000,-147,1,Office Supplies,Staplers,UPI
C-36790,7545,1330,3,Furniture,Lockers,Debit Card
C-33257,1078,-50,7,Electronics,Headphones,Credit Card
C-34978,4826,1008,7,Furniture,Sofas,Debit Card
C-31674,3468,963,11,Furniture,Lockers,Credit Card
C-31889,9292,483,2,Furniture,Lockers,UPI
C-34040,1343,360,9,Office Supplies,Scissors,UPI
C-38179,11381,1294,12,Furniture,Sofas,Debit Card
C-37744,8290,964,11,Furniture,Standing Desks,Debit Card
C-31530,1825,-100,2,Electronics,Monitors,Debit Card
C-34905,8640,2566,1,Furniture,Standing Desks,Credit Card
C-38938,10004,-1148,10,Furniture,Sofas,Credit Card
C-30400,5399,2057,2,Furniture,Office Chairs,UPI
C-35050,4948,-727,8,Furniture,Lockers,Net Banking
C-39485,293,55,11,Office Supplies,Pens & Markers,UPI
C-39543,2573,-266,2,Furniture,Bookshelves,Credit Card
C-36118,2205,199,11,Electronics,Monitors,UPI
C-33164,5055,1552,5,Electronics,Laptops,Debit Card
C-32547,5527,667,6,Electronics,Headphones,Credit Card
C-34562,5209,675,12,Electronics,Monitors,UPI
C-32591,105,-14,5,Office Supplies,Notebooks,Net Banking
C-31588,1263,213,10,Office Supplies,Notebooks,Credit Card
C-33853,1304,76,9,Office Supplies,Tape & Glue,UPI
C-31982,8202,-217,8,Electronics,Printers,UPI
C-32546,4284,1384,3,Electronics,Printers,Credit Card
C-34065,1530,-108,11,Office Supplies,Tape & Glue,Debit Card
C-37962,792,141,11,Office Supplies,Tape & Glue,Net Banking
C-32803,8876,2679,6,Furniture,Standing Desks,COD
C-33443,1012,337,4,Electronics,Webcams,UPI
C-39295,255,71,7,Office Supplies,Files & Folders,UPI
C-31796,7944,2781,5,Furniture,Office Chairs,UPI
C-36868,50,-10,4,Office Supplies,Staplers,Credit Card
C-36888,389,57,5,Office Supplies,Pens & Markers,Credit Card
C-31188,5133,292,10,Electronics,Laptops,Net Banking
C-32532,11952,-1141,1,Furniture,Bookshelves,UPI
C-38445,3627,952,11,Electronics,Headphones,COD
C-37244,11742,3934,7,Furniture,Sofas,Credit Card
C-38977,49,13,12,Office Supplies,Staplers,UPI
C-32724,805,146,5,Office Supplies,Notebooks,UPI
C-38830,8064,1928,4,Furniture,Lockers,Debit Card
C-34956,4550,-80,6,Electronics,Printers,Debit Card
C-38701,6519,2437,9,Furniture,Bookshelves,COD
C-37744,1331,571,5,Office Supplies,Staplers,Credit Card
C-35794,5999,-385,12,Electronics,Laptops,UPI
C-32677,1208,-303,12,Office Supplies,Notebooks,UPI
C-34506,4273,874,12,Electronics,Laptops,UPI
C-38238,6412,2238,9,Electronics,Monitors,Debit Card
C-32442,5848,-84,12,Electronics,Laptops,UPI
C-34741,5177,1228,4,Electronics,Printers,COD
C-34462,11981,-1518,8,Furniture,Sofas,COD
C-37527,5687,-306,6,Furniture,Sofas,Net Banking
C-31200,2834,233,7,Furniture,Bookshelves,UPI
C-33114,1420,-124,9,Office Supplies,Staplers,Net Banking
C-34506,642,71,5,Office Supplies,Staplers,UPI
C-33006,11319,752,5,Furniture,Lockers,COD
C-32536,2580,940,10,Furniture,Sofas,Net Banking
C-30958,42,9,6,Office Supplies,Staplers,UPI
C-34272,746,340,3,Office Supplies,Pens & Markers,Credit Card
C-31679,912,107,2,Office Supplies,Pens & Markers,Credit Card
C-37149,283,134,1,Office Supplies,Scissors,UPI
C-32927,5704,621,6,Furniture,Bookshelves,UPI
C-35862,5194,1377,2,Electronics,Headphones,COD
C-32442,4651,-339,12,Furniture,Cabinets,Credit Card
C-36065,2425,-121,5,Electronics,Printers,UPI
C-32296,6894,338,1,Electronics,Webcams,UPI
C-30685,1392,745,2,Office Supplies,Scissors,Credit Card
C-35067,4087,117,7,Furniture,Cabinets,Credit Card
C-38751,4153,-372,2,Furniture,Cabinets,Debit Card
C-38565,734,91,11,Office Supplies,Notebooks,UPI
C-31169,9039,3498,12,Furniture,Bookshelves,UPI
C-36548,3111,369,7,Electronics,Keyboards,UPI
C-30958,1077,-152,5,Office Supplies,Tape & Glue,Debit Card
C-37041,2826,564,7,Electronics,Printers,UPI
C-39260,10230,1903,4,Furniture,Office Chairs,COD
C-31139,4436,-105,3,Furniture,Lockers,Credit Card
C-38279,8411,-287,1,Electronics,Headphones,Debit Card
C-34371,808,37,5,Office Supplies,Pens & Markers,Debit Card
C-36912,718,44,1,Office Supplies,Notebooks,Credit Card
C-32851,6985,-624,6,Furniture,Office Chairs,UPI
C-32615,4224,47,1,Electronics,Printers,UPI
C-34092,1382,460,4,Office Supplies,Pens & Markers,UPI
C-31964,1625,152,5,Electronics,Monitors,COD
C-34345,3293,-164,11,Electronics,Keyboards,UPI
C-35168,7426,358,6,Furniture,Standing Desks,Debit Card
C-35180,11907,647,11,Furniture,Sofas,UPI
C-32938,3429,1158,3,Furniture,Cabinets,Debit Card
C-35000,2672,461,11,Furniture,Office Chairs,Net Banking
C-32426,942,458,2,Office Supplies,Tape & Glue,COD
C-31796,6939,1727,4,Furniture,Bookshelves,Credit Card
C-39052,291,-39,9,Office Supplies,Pens & Markers,Debit Card
C-34562,7996,772,12,Furniture,Bookshelves,UPI
C-32103,4755,421,9,Electronics,Laptops,Debit Card
C-32780,591,172,3,Office Supplies,Files & Folders,UPI
C-33652,5116,1316,7,Furniture,Office Chairs,Credit Card
C-36311,3228,-190,9,Furniture,Sofas,Credit Card
C-30319,5774,128,3,Electronics,Webcams,UPI
C-32167,11701,2728,9,Furniture,Standing Desks,Credit Card
C-39938,10602,-81,4,Furniture,Lockers,UPI
C-35050,1775,-40,1,Electronics,Monitors,Credit Card
C-34342,6039,-201,5,Electronics,Laptops,COD
C-39195,6062,2067,4,Electronics,Laptops,Credit Card
C-30916,741,176,6,Office Supplies,Tape & Glue,UPI
C-30821,6326,1563,7,Furniture,Sofas,Net Banking
C-34002,1269,230,1,Electronics,Keyboards,Net Banking
C-30960,602,-90,1,Office Supplies,Tape & Glue,Credit Card
C-33608,8258,3056,5,Furniture,Office Chairs,Net Banking
C-32591,11025,-403,8,Furniture,Sofas,UPI
C-34349,5564,1020,7,Electronics,Headphones,UPI
C-34552,1517,104,3,Office Supplies,Tape & Glue,Net Banking
C-31200,401,36,3,Office Supplies,Scissors,UPI
C-38928,2277,435,1,Electronics,Printers,UPI
C-31389,1437,311,2,Office Supplies,Scissors,UPI
C-31584,4527,1399,7,Electronics,Headphones,UPI
C-30053,2193,398,7,Furniture,Standing Desks,Credit Card
C-33680,1593,646,1,Office Supplies,Pens & Markers,UPI
C-38977,322,160,10,Office Supplies,Staplers,UPI
C-30434,1140,371,6,Office Supplies,Pens & Markers,Net Banking
C-39292,315,34,10,Office Supplies,Notebooks,Net Banking
C-38701,709,75,4,Office Supplies,Staplers,UPI
C-32143,10906,-897,1,Furniture,Bookshelves,UPI
C-31588,4990,1491,7,Electronics,Laptops,UPI
C-37527,494,31,3,Office Supplies,Pens & Markers,Credit Card
C-39560,8350,2467,7,Electronics,Headphones,Debit Card
C-33143,10057,-570,2,Furniture,Office Chairs,UPI
C-32041,1424,252,2,Electronics,Keyboards,Credit Card
C-38375,1268,-217,7,Office Supplies,Pens & Markers,Credit Card
C-38320,8967,-604,11,Furniture,Standing Desks,Debit Card
C-32646,7707,2554,5,Furniture,Bookshelves,Net Banking
C-32144,6348,1878,12,Furniture,Bookshelves,Debit Card
C-34119,1622,417,6,Office Supplies,Notebooks,UPI
C-31307,7327,1857,8,Electronics,Printers,Net Banking
C-31964,905,466,5,Office Supplies,Files & Folders,UPI
C-39075,2289,561,6,Electronics,Headphones,UPI
C-30887,6480,2188,10,Electronics,Webcams,Debit Card
C-34915,7371,2394,4,Electronics,Headphones,Credit Card
C-39440,10826,1554,9,Furniture,Cabinets,Credit Card
C-33456,201,38,7,Office Supplies,Scissors,Credit Card
C-30949,5593,1323,4,Furniture,Lockers,Credit Card
C-35977,772,134,3,Office Supplies,Pens & Markers,COD
C-33335,769,324,3,Office Supplies,Staplers,UPI
C-33750,892,-83,4,Office Supplies,Files & Folders,UPI
C-31545,1454,433,7,Office Supplies,Pens & Markers,Debit Card
C-37744,8089,-972,2,Furniture,Cabinets,Debit Card
C-37350,1745,357,3,Office Supplies,Scissors,UPI
C-39502,1447,14,1,Electronics,Headphones,Credit Card
C-30035,7070,-126,12,Electronics,Headphones,UPI
C-32608,6907,750,12,Furniture,Lockers,UPI
C-34905,2216,17,3,Furniture,Lockers,UPI
C-34552,11898,3130,9,Furniture,Office Chairs,UPI
C-34564,6369,2080,8,Electronics,Webcams,Credit Card
C-38308,4911,185,4,Electronics,Monitors,Credit Card
C-35143,218,31,3,Office Supplies,Staplers,Debit Card
C-37359,1258,-1,3,Electronics,Monitors,Net Banking
C-38238,3264,976,8,Furniture,Sofas,Credit Card
C-37517,8637,2634,3,Furniture,Lockers,UPI
C-38701,4275,-52,2,Electronics,Printers,UPI
C-30117,7179,2017,1,Electronics,Monitors,UPI
C-30771,248,-60,10,Office Supplies,Files & Folders,UPI
C-37359,5319,-49,1,Electronics,Headphones,UPI
C-30128,1186,-310,8,Office Supplies,Files & Folders,UPI
C-34616,3328,-320,6,Electronics,Laptops,Debit Card
C-38445,2396,99,7,Electronics,Monitors,Debit Card
C-34061,1411,-306,7,Office Supplies,Tape & Glue,Net Banking
C-31113,10227,3007,3,Furniture,Office Chairs,UPI
C-36745,5603,1630,1,Electronics,Webcams,UPI
C-31160,978,-227,11,Office Supplies,Tape & Glue,UPI
C-31146,5533,1627,11,Furniture,Standing Desks,UPI
C-34374,10218,1368,12,Furniture,Standing Desks,Debit Card
C-34700,9331,2630,6,Furniture,Bookshelves,UPI
C-32287,2655,902,11,Furniture,Cabinets,Credit Card
C-34040,1272,-300,3,Office Supplies,Files & Folders,Credit Card
C-36615,7392,-689,5,Electronics,Laptops,Credit Card
C-32677,222,19,3,Office Supplies,Scissors,COD
C-39774,603,114,6,Office Supplies,Pens & Markers,UPI
C-32938,1610,147,8,Office Supplies,Tape & Glue,COD
C-31424,8370,-308,2,Electronics,Printers,COD
C-33492,3777,1082,7,Electronics,Laptops,Credit Card
C-32442,4113,380,9,Furniture,Lockers,Net Banking
C-30117,1483,306,9,Electronics,Keyboards,Credit Card
C-35559,2934,755,4,Furniture,Office Chairs,Debit Card
C-30821,4532,1446,5,Furniture,Office Chairs,Credit Card
C-34861,3195,-87,8,Furniture,Cabinets,Debit Card
C-31307,4637,876,8,Electronics,Webcams,UPI
C-38785,251,120,7,Office Supplies,Tape & Glue,Debit Card
C-33228,703,-172,6,Office Supplies,Scissors,COD
C-38479,6553,1530,2,Electronics,Headphones,UPI
C-38308,348,176,3,Office Supplies,Files & Folders,Debit Card
C-34315,1056,363,7,Electronics,Monitors,UPI
C-35147,4678,-18,4,Electronics,Webcams,Net Banking
C-39459,6421,-72,3,Furniture,Cabinets,UPI
C-30651,859,-198,12,Office Supplies,Staplers,Credit Card
C-34557,2553,514,5,Electronics,Monitors,UPI
C-30525,907,-8,5,Office Supplies,Pens & Markers,UPI
C-34371,4745,540,12,Electronics,Webcams,Debit Card
C-32646,7811,2748,10,Furniture,Cabinets,Credit Card
C-38085,1633,750,4,Office Supplies,Files & Folders,UPI
C-31796,4369,122,12,Furniture,Sofas,Debit Card
C-31188,7185,-1021,8,Furniture,Lockers,COD
C-35313,1730,443,11,Electronics,Keyboards,Credit Card
C-32287,2060,810,3,Furniture,Lockers,Debit Card
C-31232,3596,-467,12,Furniture,Sofas,COD
C-33501,5273,1310,10,Electronics,Printers,Credit Card
C-36873,2365,797,10,Electronics,Headphones,COD
C-37461,932,33,5,Electronics,Keyboards,Credit Card
C-33150,1052,264,8,Office Supplies,Tape & Glue,Credit Card
C-39355,7584,1092,9,Electronics,Keyboards,COD
C-34905,8388,-175,7,Electronics,Laptops,Credit Card
C-32060,4664,692,7,Furniture,Sofas,UPI
C-34905,9167,1822,12,Furniture,Lockers,Debit Card
C-30685,1680,691,2,Office Supplies,Pens & Markers,Debit Card
C-39333,3698,454,10,Furniture,Cabinets,COD
C-30590,939,120,1,Office Supplies,Tape & Glue,Debit Card
C-34861,2625,655,9,Electronics,Headphones,Credit Card
C-35491,284,0,8,Office Supplies,Scissors,Credit Card
C-32938,8484,-1237,6,Furniture,Lockers,Debit Card
C-30949,6384,2130,5,Furniture,Bookshelves,UPI
C-31776,2778,-272,7,Electronics,Printers,UPI
C-34088,1648,30,9,Office Supplies,Notebooks,Net Banking
C-38375,7490,-421,10,Furniture,Bookshelves,COD
C-34741,831,-113,11,Office Supplies,Files & Folders,Credit Card
C-33652,908,-172,11,Office Supplies,Files & Folders,Credit Card
C-38830,8604,2988,9,Furniture,Standing Desks,UPI
C-39891,1484,565,9,Office Supplies,Pens & Markers,UPI
C-39638,6263,1944,3,Furniture,Cabinets,COD
C-30949,221,-61,1,Office Supplies,Pens & Markers,Debit Card
C-36211,2455,466,9,Furniture,Standing Desks,COD
C-34669,813,-226,12,Office Supplies,Files & Folders,UPI
C-36484,5973,1492,3,Electronics,Printers,UPI
C-34061,426,66,4,Office Supplies,Staplers,Debit Card
C-32615,6200,-475,2,Electronics,Keyboards,COD
C-37491,11492,3755,2,Furniture,Office Chairs,Credit Card
C-34119,3754,-270,5,Furniture,Office Chairs,Net Banking
C-32697,1042,435,4,Office Supplies,Pens & Markers,Credit Card
C-37973,4189,-280,11,Electronics,Laptops,UPI
C-32697,8148,2764,11,Furniture,Cabinets,Net Banking
C-38669,641,-186,3,Office Supplies,Notebooks,Debit Card
C-34861,2515,-215,6,Furniture,Sofas,COD
C-31684,5715,833,3,Electronics,Monitors,Credit Card
C-33814,2379,410,9,Electronics,Laptops,UPI
C-33681,5543,1811,2,Furniture,Standing Desks,Net Banking
C-33450,313,-35,12,Office Supplies,Staplers,Debit Card
C-34956,590,64,2,Office Supplies,Staplers,UPI
C-39571,6822,729,8,Furniture,Lockers,Credit Card
C-36669,2848,-63,11,Electronics,Headphones,Net Banking
C-34422,8436,-787,10,Furniture,Bookshelves,UPI
C-30128,1029,70,8,Office Supplies,Tape & Glue,Credit Card
C-30750,7222,1390,10,Furniture,Bookshelves,Credit Card
C-34562,752,13,11,Office Supplies,Files & Folders,Net Banking
C-31489,8086,-685,9,Electronics,Headphones,UPI
C-31743,5747,1563,11,Electronics,Keyboards,COD
C-39863,8525,-1138,3,Furniture,Bookshelves,Net Banking
C-37428,3730,38,4,Electronics,Headphones,Debit Card
C-38445,7185,298,1,Electronics,Headphones,UPI
C-31891,703,-83,10,Office Supplies,Tape & Glue,Debit Card
C-32925,165,4,10,Office Supplies,Files & Folders,UPI
C-35491,1178,-74,10,Office Supplies,Pens & Markers,COD
C-39260,11403,3888,7,Furniture,Office Chairs,Debit Card
C-30409,7463,328,4,Electronics,Keyboards,UPI
C-37956,1183,408,7,Electronics,Webcams,UPI
C-31519,5726,269,7,Electronics,Headphones,UPI
C-34304,66,16,10,Office Supplies,Staplers,COD
C-35617,1873,522,7,Electronics,Keyboards,UPI
C-32662,2640,93,1,Furniture,Sofas,UPI
C-35000,1511,-66,6,Office Supplies,Scissors,Debit Card
C-38883,5358,1331,8,Electronics,Laptops,Debit Card
C-34552,6505,2229,8,Electronics,Keyboards,Net Banking
C-37428,1295,-275,4,Office Supplies,Staplers,UPI
C-37787,245,133,12,Office Supplies,Notebooks,Debit Card
C-32167,210,-28,6,Office Supplies,Notebooks,Net Banking
C-31104,2860,-20,1,Furniture,Office Chairs,UPI
C-39932,2960,142,10,Electronics,Laptops,Debit Card
C-35862,6523,-152,3,Electronics,Keyboards,Credit Card
C-32938,683,295,10,Office Supplies,Notebooks,Net Banking
C-31122,4460,895,9,Electronics,Printers,Credit Card
C-30188,10029,3881,6,Furniture,Cabinets,Debit Card
C-38317,1552,29,5,Electronics,Headphones,Debit Card
C-33114,7644,2238,11,Electronics,Monitors,Debit Card
C-30626,189,-44,8,Office Supplies,Tape & Glue,UPI
C-35514,472,46,7,Office Supplies,Tape & Glue,UPI
C-37019,457,179,9,Office Supplies,Staplers,Credit Card
C-33346,6604,688,3,Electronics,Keyboards,Net Banking
C-32266,478,229,7,Office Supplies,Notebooks,COD
C-35183,5326,1486,4,Furniture,Sofas,UPI
C-39195,6421,245,10,Electronics,Headphones,Debit Card
C-32546,249,82,4,Office Supplies,Scissors,UPI
C-37350,2985,-260,11,Electronics,Headphones,Credit Card
C-36227,1769,560,2,Electronics,Keyboards,Credit Card
C-32532,842,106,9,Office Supplies,Notebooks,UPI
C-39044,3829,-214,11,Electronics,Keyboards,Credit Card
C-36543,3208,-47,3,Electronics,Headphones,Credit Card
C-32085,10087,1364,2,Furniture,Sofas,Debit Card
C-31489,3819,-111,1,Furniture,Standing Desks,Net Banking
C-37579,5911,-672,2,Furniture,Bookshelves,UPI
C-39044,8628,565,2,Furniture,Lockers,UPI
C-33432,10112,-372,4,Furniture,Bookshelves,UPI
C-31982,5684,168,1,Electronics,Printers,UPI
C-37651,9811,2516,12,Furniture,Lockers,UPI
C-33582,1368,-34,6,Electronics,Printers,Net Banking
C-38518,1394,144,6,Office Supplies,Pens & Markers,UPI
C-38928,2198,451,1,Electronics,Laptops,Credit Card
C-39044,808,96,4,Electronics,Monitors,Credit Card
C-30152,1191,331,5,Office Supplies,Pens & Markers,Net Banking
C-33593,4741,1257,2,Furniture,Sofas,UPI
C-35038,9415,1128,6,Furniture,Bookshelves,COD
C-33164,4785,67,8,Electronics,Printers,UPI
C-35491,6617,332,9,Electronics,Keyboards,Debit Card
C-36065,3847,-5,9,Furniture,Cabinets,Debit Card
C-34345,870,372,11,Office Supplies,Notebooks,COD
C-39173,1053,10,12,Electronics,Webcams,Debit Card
C-31528,2490,585,4,Electronics,Keyboards,COD
C-36930,1684,563,11,Electronics,Printers,Debit Card
C-34325,2233,43,11,Electronics,Monitors,UPI
C-36615,5626,493,5,Electronics,Webcams,UPI
C-38348,1095,324,10,Office Supplies,Files & Folders,UPI
C-34033,7292,1870,5,Electronics,Monitors,UPI
C-33910,1433,-250,11,Office Supplies,Scissors,UPI
C-33111,5372,1068,5,Electronics,Monitors,Credit Card
C-35574,61,5,4,Office Supplies,Staplers,UPI
C-31824,2871,340,1,Furniture,Office Chairs,Credit Card
C-39980,2817,-32,6,Furniture,Office Chairs,Net Banking
C-37177,11187,-724,2,Furniture,Lockers,Debit Card
C-30241,432,29,2,Office Supplies,Tape & Glue,UPI
C-38785,756,-66,11,Office Supplies,Scissors,Debit Card
C-38835,8206,-458,5,Electronics,Webcams,COD
C-39977,4839,774,11,Furniture,Bookshelves,Net Banking
C-33681,5268,-65,7,Furniture,Standing Desks,Credit Card
C-31424,1501,50,11,Electronics,Keyboards,Credit Card
C-37491,1632,725,7,Office Supplies,Scissors,UPI
C-38786,7132,906,11,Furniture,Cabinets,Debit Card
C-31307,4303,473,7,Electronics,Keyboards,Credit Card
C-38085,8896,-901,3,Furniture,Office Chairs,Debit Card
C-37651,5554,724,3,Electronics,Headphones,Debit Card
C-39016,2877,763,7,Furniture,Bookshelves,UPI
C-37787,9582,2818,9,Furniture,Office Chairs,Credit Card
C-39459,142,-9,11,Office Supplies,Pens & Markers,UPI
C-33139,6760,1088,12,Furniture,Office Chairs,UPI
C-38179,1546,304,9,Office Supplies,Pens & Markers,Debit Card
C-37461,449,62,9,Office Supplies,Tape & Glue,Debit Card
C-33432,2631,796,11,Electronics,Headphones,Net Banking
C-33501,3346,748,1,Electronics,Printers,Net Banking
C-38005,5288,-459,1,Furniture,Lockers,UPI
C-38379,228,-20,2,Office Supplies,Files & Folders,Credit Card
C-34930,8401,-1003,2,Furniture,Cabinets,UPI
C-30626,7519,42,9,Electronics,Headphones,UPI
C-36304,9194,2966,10,Furniture,Lockers,UPI
C-38928,74,-10,12,Office Supplies,Tape & Glue,Debit Card
C-32851,1548,456,4,Office Supplies,Files & Folders,Credit Card
C-39489,6268,-344,10,Electronics,Keyboards,Credit Card
C-35000,8409,523,2,Furniture,Bookshelves,Credit Card
C-31824,1029,28,2,Electronics,Headphones,Credit Card
C-36691,650,-176,11,Office Supplies,Files & Folders,Net Banking
C-30525,2698,942,6,Furniture,Cabinets,COD
C-37953,4554,112,3,Electronics,Printers,Credit Card
C-37749,7715,2672,9,Furniture,Standing Desks,Credit Card
C-34673,1373,-235,11,Office Supplies,Notebooks,Debit Card
C-36888,6658,1906,3,Electronics,Webcams,UPI
C-38346,8454,-950,11,Furniture,Bookshelves,Credit Card
C-31832,6198,-116,12,Electronics,Monitors,COD
C-32724,6247,-492,6,Furniture,Sofas,Credit Card
C-39446,11576,2194,7,Furniture,Bookshelves,UPI
C-31771,355,-36,11,Office Supplies,Tape & Glue,UPI
C-31796,7302,1956,12,Furniture,Cabinets,Debit Card
C-36735,1521,697,7,Office Supplies,Notebooks,COD
C-39909,542,-109,12,Office Supplies,Files & Folders,UPI
C-33910,5971,1661,3,Electronics,Monitors,UPI
C-37019,8187,-628,11,Furniture,Cabinets,Credit Card
C-39292,547,64,11,Office Supplies,Notebooks,UPI
C-31612,361,24,9,Office Supplies,Tape & Glue,Net Banking
C-39440,1222,-341,11,Office Supplies,Pens & Markers,UPI
C-37350,40,0,7,Office Supplies,Notebooks,Credit Card
C-32664,409,114,12,Office Supplies,Staplers,Debit Card
C-34573,7619,-50,8,Electronics,Headphones,Credit Card
C-30821,8170,1237,3,Electronics,Monitors,Net Banking
C-36396,5923,410,2,Electronics,Webcams,Credit Card
C-31291,640,-137,8,Office Supplies,Files & Folders,UPI
C-36570,7421,-1021,5,Furniture,Sofas,COD
C-39543,6561,400,3,Electronics,Webcams,COD
C-34010,1208,-114,9,Office Supplies,Files & Folders,COD
C-38179,8540,1624,9,Furniture,Bookshelves,Debit Card
C-34573,994,493,5,Office Supplies,Files & Folders,Debit Card
C-32287,893,-69,6,Office Supplies,Staplers,Net Banking
C-33811,448,73,12,Office Supplies,Notebooks,UPI
C-35881,5860,711,10,Furniture,Office Chairs,Net Banking
C-31612,7666,2986,7,Furniture,Office Chairs,Credit Card
C-32621,11034,1250,3,Furniture,Office Chairs,UPI
C-33006,102,12,4,Office Supplies,Pens & Markers,Debit Card
C-34386,3285,826,4,Electronics,Webcams,UPI
C-30053,1614,588,4,Office Supplies,Pens & Markers,Credit Card
C-33262,6400,1485,9,Electronics,Printers,Credit Card
C-33139,6497,-283,12,Electronics,Webcams,Credit Card
C-31824,926,-184,10,Office Supplies,Pens & Markers,COD
C-31697,2386,129,1,Electronics,Keyboards,UPI
C-39543,50,-5,12,Office Supplies,Files & Folders,Debit Card
C-33582,2750,1086,1,Furniture,Sofas,Net Banking
C-39502,186,-46,8,Office Supplies,Pens & Markers,UPI
C-30626,746,158,4,Office Supplies,Staplers,COD
C-34700,844,90,2,Office Supplies,Files & Folders,Debit Card
C-36224,1143,-142,12,Office Supplies,Staplers,Debit Card
C-33814,4433,979,6,Electronics,Headphones,Debit Card
C-37359,2800,383,5,Electronics,Printers,UPI
C-35617,3710,-446,7,Furniture,Sofas,Debit Card
C-32504,6583,-703,3,Furniture,Cabinets,Net Banking
C-36669,6996,1805,4,Furniture,Standing Desks,UPI
C-31684,2587,1003,12,Furniture,Standing Desks,Credit Card
C-34325,974,121,1,Electronics,Laptops,UPI
C-39064,6921,2110,2,Furniture,Cabinets,UPI
C-36267,10115,-1412,7,Furniture,Cabinets,Credit Card
C-36482,451,10,11,Office Supplies,Notebooks,Credit Card
C-30634,654,-178,6,Office Supplies,Tape & Glue,COD
C-33269,6301,1862,10,Furniture,Bookshelves,UPI
C-31528,1516,613,7,Office Supplies,Staplers,Net Banking
C-30434,2935,863,9,Furniture,Lockers,Credit Card
C-35425,6709,2161,9,Furniture,Lockers,Credit Card
C-36658,11311,3087,5,Furniture,Lockers,UPI
C-36735,6908,2394,4,Electronics,Webcams,UPI
C-30452,1667,467,5,Office Supplies,Staplers,UPI
C-32103,635,-8,7,Office Supplies,Files & Folders,UPI
C-32504,3001,590,11,Electronics,Keyboards,Net Banking
C-31796,4036,75,11,Furniture,Office Chairs,UPI
C-33872,4435,479,8,Electronics,Headphones,UPI
C-37238,1013,245,9,Office Supplies,Staplers,UPI
C-33652,192,-12,10,Office Supplies,Files & Folders,Credit Card
C-38005,398,-32,5,Office Supplies,Scissors,UPI
C-31519,2663,489,3,Electronics,Headphones,Net Banking
C-32088,5812,-505,1,Furniture,Office Chairs,UPI
C-31049,11500,282,9,Furniture,Cabinets,Debit Card
C-32705,560,296,1,Office Supplies,Tape & Glue,Debit Card
C-30006,6684,-533,4,Electronics,Monitors,UPI
C-33470,938,-191,2,Office Supplies,Files & Folders,UPI
C-32664,3842,1049,11,Electronics,Monitors,Credit Card
C-36543,6638,-473,6,Furniture,Cabinets,Debit Card
C-37962,4143,1258,6,Electronics,Keyboards,Credit Card
C-31137,1055,-29,1,Electronics,Monitors,UPI
C-36658,82,-17,4,Office Supplies,Files & Folders,Net Banking
C-32426,10326,2900,12,Furniture,Lockers,UPI
C-38666,1731,338,11,Office Supplies,Scissors,Debit Card
C-31584,1442,475,4,Electronics,Printers,Credit Card
C-31104,10982,2785,9,Furniture,Lockers,Debit Card
C-31193,11946,1311,9,Furniture,Office Chairs,Credit Card
C-38005,2397,662,5,Electronics,Keyboards,Net Banking
C-32925,7345,1802,6,Electronics,Headphones,UPI
C-37651,1745,369,8,Electronics,Printers,Debit Card
C-39863,1452,84,9,Electronics,Keyboards,UPI
C-31040,4766,821,8,Electronics,Printers,Debit Card
C-33770,1725,694,3,Office Supplies,Files & Folders,COD
C-34861,1410,277,3,Office Supplies,Scissors,Debit Card
C-31612,3371,-158,7,Electronics,Keyboards,Credit Card
C-30058,1042,247,4,Office Supplies,Files & Folders,Net Banking
C-33269,2166,-98,5,Electronics,Laptops,Debit Card
C-34092,3654,-294,1,Furniture,Cabinets,Net Banking
C-34462,371,200,3,Office Supplies,Tape & Glue,Credit Card
C-35794,8919,400,7,Furniture,Cabinets,Debit Card
C-31891,630,-125,6,Office Supplies,Tape & Glue,Credit Card
C-36658,2741,-299,6,Furniture,Office Chairs,COD
C-37784,4484,1046,7,Electronics,Printers,UPI
C-31535,1902,437,12,Electronics,Printers,Debit Card
C-31684,4494,1539,10,Furniture,Office Chairs,Credit Card
C-37066,9430,553,8,Furniture,Lockers,UPI
C-38835,6576,2430,2,Furniture,Sofas,UPI
C-39543,1195,183,9,Electronics,Keyboards,Credit Card
C-34844,3444,250,3,Electronics,Keyboards,COD
C-32591,1527,-184,9,Office Supplies,Tape & Glue,UPI
C-39333,3629,148,3,Furniture,Bookshelves,UPI
C-35155,4395,2,3,Electronics,Webcams,UPI
C-32536,6972,-364,4,Electronics,Monitors,Debit Card
C-30964,453,76,9,Office Supplies,Pens & Markers,Debit Card
C-31307,111,57,9,Office Supplies,Files & Folders,Credit Card
C-35635,1030,419,1,Office Supplies,Pens & Markers,Credit Card
C-32200,4293,984,9,Electronics,Monitors,UPI
C-32900,8320,-421,12,Electronics,Keyboards,Net Banking
C-33853,915,109,2,Office Supplies,Scissors,Net Banking
C-30832,6278,-298,6,Electronics,Printers,Net Banking
C-33510,3218,96,9,Furniture,Standing Desks,UPI
C-33143,6825,892,2,Electronics,Printers,Debit Card
C-33470,4350,-238,12,Electronics,Laptops,Debit Card
C-33114,7693,1163,11,Electronics,Headphones,UPI
C-30727,2130,-31,10,Furniture,Lockers,Credit Card
C-39446,430,-32,3,Office Supplies,Tape & Glue,Credit Card
C-38928,1047,-62,4,Office Supplies,Tape & Glue,Debit Card
C-32287,1785,561,4,Office Supplies,Files & Folders,UPI
C-37491,1172,257,12,Office Supplies,Scissors,UPI
C-33750,2955,520,11,Electronics,Printers,Credit Card
C-33608,9933,1408,3,Furniture,Bookshelves,Net Banking
C-34119,1398,156,11,Office Supplies,Staplers,Credit Card
C-30009,4740,156,4,Electronics,Monitors,UPI
C-33872,4463,207,11,Electronics,Webcams,Credit Card
C-30771,683,178,6,Office Supplies,Scissors,Debit Card
C-39562,9925,3097,8,Furniture,Standing Desks,Debit Card
C-33848,2474,24,9,Furniture,Standing Desks,UPI
C-37973,5406,1336,5,Electronics,Laptops,Debit Card
C-39195,7427,734,7,Electronics,Webcams,UPI
C-34114,1024,326,6,Office Supplies,Staplers,Debit Card
C-35138,946,45,10,Office Supplies,Staplers,Net Banking
C-34272,3807,1413,10,Furniture,Standing Desks,Debit Card
C-33652,1135,-321,12,Office Supplies,Files & Folders,UPI
C-38085,7193,1561,6,Electronics,Laptops,Debit Card
C-34978,2806,379,6,Furniture,Office Chairs,Credit Card
C-33139,840,361,4,Office Supplies,Files & Folders,UPI
C-34920,708,36,9,Office Supplies,Staplers,Debit Card
C-33611,1761,-498,9,Office Supplies,Pens & Markers,UPI
C-33257,1146,-33,5,Electronics,Webcams,UPI
C-34956,6051,-795,12,Furniture,Lockers,UPI
C-31133,4082,-167,12,Electronics,Printers,Net Banking
C-39459,181,23,12,Office Supplies,Pens & Markers,Debit Card
C-32647,920,215,9,Electronics,Laptops,Debit Card
C-34011,1537,307,7,Office Supplies,Pens & Markers,UPI
C-37973,7303,612,12,Furniture,Bookshelves,UPI
C-35718,2460,-135,11,Electronics,Webcams,Credit Card
C-34349,4318,-250,7,Electronics,Keyboards,Credit Card
C-32927,8235,1781,9,Electronics,Keyboards,UPI
C-39774,1520,52,6,Office Supplies,Scissors,Debit Card
C-30653,9409,-251,1,Furniture,Office Chairs,Credit Card
C-37123,787,82,2,Office Supplies,Scissors,Debit Card
C-39740,7432,1363,2,Electronics,Headphones,UPI
C-39571,1033,211,2,Office Supplies,Notebooks,UPI
C-36615,10575,2619,10,Furniture,Cabinets,Debit Card
C-33456,546,27,12,Office Supplies,Scissors,UPI
C-39075,688,196,10,Office Supplies,Pens & Markers,Credit Card
C-30128,1443,-176,9,Office Supplies,Staplers,Debit Card
C-33770,7128,2692,4,Furniture,Cabinets,UPI
C-33681,10428,1617,12,Furniture,Cabinets,COD
C-39562,901,265,7,Office Supplies,Pens & Markers,UPI
C-30128,1094,367,3,Office Supplies,Notebooks,UPI
C-32085,898,108,11,Office Supplies,Pens & Markers,Net Banking
C-39774,6935,2034,7,Electronics,Headphones,Credit Card
C-35881,4367,1520,12,Electronics,Laptops,COD
C-36930,10560,288,6,Furniture,Bookshelves,Credit Card
C-31876,624,90,4,Office Supplies,Notebooks,Net Banking
C-39075,10509,1917,8,Furniture,Bookshelves,Credit Card
C-37461,6699,2333,3,Electronics,Printers,UPI
C-39324,2160,53,3,Furniture,Cabinets,UPI
C-31796,668,197,4,Office Supplies,Pens & Markers,Debit Card
C-36930,7423,-726,10,Furniture,Cabinets,Credit Card
C-37953,747,179,4,Office Supplies,Pens & Markers,UPI
C-36537,592,-34,7,Office Supplies,Notebooks,Credit Card
C-35425,5915,1450,5,Electronics,Keyboards,Credit Card
C-33228,5319,-571,3,Furniture,Lockers,UPI
C-33470,395,-30,2,Office Supplies,Staplers,UPI
C-33872,8274,261,10,Furniture,Sofas,Debit Card
C-35000,9756,-340,1,Furniture,Sofas,Debit Card
C-38856,1675,372,3,Office Supplies,Pens & Markers,UPI
C-36691,189,87,1,Office Supplies,Staplers,UPI
C-36484,6246,701,5,Electronics,Webcams,Credit Card
C-34012,1177,40,7,Office Supplies,Notebooks,Debit Card
C-30960,7670,1034,9,Electronics,Keyboards,UPI
C-34920,4721,1746,5,Furniture,Standing Desks,Debit Card
C-39980,4417,532,5,Electronics,Monitors,Debit Card
C-30887,7704,-401,6,Furniture,Cabinets,Net Banking
C-30525,8948,-290,9,Furniture,Bookshelves,Net Banking
C-36916,796,-117,12,Office Supplies,Scissors,COD
C-35881,769,113,1,Office Supplies,Scissors,Credit Card
C-34673,8263,545,5,Electronics,Laptops,Credit Card
C-32584,589,-159,5,Office Supplies,Files & Folders,Debit Card
C-34889,6497,1409,5,Electronics,Laptops,Debit Card
C-33593,9713,3870,11,Furniture,Office Chairs,Credit Card
C-37573,1565,694,9,Office Supplies,Scissors,Net Banking
C-37517,89,19,12,Office Supplies,Staplers,UPI
C-33598,4156,-434,2,Furniture,Standing Desks,UPI
C-31982,3021,68,9,Furniture,Lockers,UPI
C-34351,1287,420,6,Office Supplies,Tape & Glue,Net Banking
C-32442,2186,672,10,Electronics,Printers,Debit Card
C-35425,916,296,7,Electronics,Monitors,Credit Card
C-31654,3007,-343,9,Furniture,Lockers,UPI
C-32200,2213,220,5,Electronics,Laptops,Debit Card
C-36916,8705,-477,12,Furniture,Sofas,Net Banking
C-39440,590,104,2,Office Supplies,Staplers,UPI
C-35753,3410,550,8,Furniture,Lockers,UPI
C-37787,1524,-345,6,Office Supplies,Notebooks,Credit Card
C-38938,1645,-478,11,Office Supplies,Notebooks,Credit Card
C-31307,535,-20,11,Office Supplies,Tape & Glue,Debit Card
C-38856,1577,516,5,Office Supplies,Tape & Glue,UPI
C-33450,4916,16,10,Furniture,Bookshelves,UPI
C-30828,588,265,3,Office Supplies,Notebooks,COD
C-30828,4401,83,8,Electronics,Printers,Credit Card
C-35930,7127,1345,8,Electronics,Keyboards,Net Banking
