Order ID,Order Date,CustomerName,State,City
C-31824,18-11-2024,Siddharth Reddy,Goa,Margao
C-30409,23-07-2024,Aarav Desai,Rajasthan,Jodhpur
C-34506,05-08-2024,Neha Rao,Rajasthan,Jodhpur
C-34012,26-01-2024,Ishaan Rao,Himachal Pradesh,Manali
C-33657,09-03-2024,Rohan Rao,Bihar,Darbhanga
C-32286,09-11-2024,Usha Iyer,Assam,Jorhat
C-31679,31-08-2024,Priya Yadav,Bihar,Bhagalpur
C-38935,21-05-2024,Priya Kumar,Assam,Jorhat
C-31424,13-08-2024,Priya Kumar,Telangana,Karimnagar
C-39674,20-06-2024,Divya Ghosh,Punjab,Patiala
C-36912,18-03-2024,Kiran Jain,Rajasthan,Kota
C-30520,02-02-2024,Sachin Singh,Andhra Pradesh,Tirupati
C-30488,26-08-2024,Nisha Pillai,Andhra Pradesh,Visakhapatnam
C-31535,18-07-2024,Siddharth Reddy,Goa,Panaji
C-33582,04-01-2024,Siddharth Pillai,Haryana,Ambala
C-33811,02-10-2024,Pooja Reddy,Himachal Pradesh,Mandi
C-38279,22-04-2024,Yash Agarwal,West Bengal,Howrah
C-39863,18-07-2024,Lakshmi Rao,Punjab,Jalandhar
C-30434,06-03-2024,Sneha Shah,Himachal Pradesh,Shimla
C-39195,15-10-2024,Tanvi Ghosh,Maharashtra,Mumbai
C-33257,24-08-2024,Rahul Patel,Uttar Pradesh,Lucknow
C-38928,16-06-2024,Rohan Mishra,Gujarat,Rajkot
C-36873,13-07-2024,Rahul Choudhary,West Bengal,Howrah
C-33611,28-08-2024,Arjun Nair,Maharashtra,Aurangabad
C-37359,24-04-2024,Aditya Kapoor,Telangana,Hyderabad
C-39654,12-04-2024,Kiran Kapoor,Maharashtra,Aurangabad
C-34557,05-03-2024,Nisha Rao,Odisha,Bhubaneswar
C-30106,24-12-2024,Lakshmi Verma,West Bengal,Siliguri
C-32615,06-11-2024,Riya Desai,Tamil Nadu,Coimbatore
C-36924,23-10-2024,Siddharth Patel,Maharashtra,Nagpur
C-35574,11-04-2024,Priya Desai,Telangana,Khammam
C-34552,22-12-2024,Ishaan Shah,Madhya Pradesh,Ujjain
C-32547,22-01-2024,Tanvi Nair,Haryana,Panipat
C-33527,05-02-2024,Aarav Pillai,Assam,Dibrugarh
C-35514,07-09-2024,Shreya Yadav,Tamil Nadu,Salem
C-31674,23-08-2024,Meera Sharma,Delhi,Laxmi Nagar
C-31519,29-11-2024,Arnav Reddy,West Bengal,Durgapur
C-36224,26-08-2024,Rajan Mishra,Andhra Pradesh,Kurnool
C-31584,05-05-2024,Usha Kapoor,Telangana,Karimnagar
C-35881,25-08-2024,Siddharth Mishra,Goa,Ponda
C-35635,15-01-2024,Meera Reddy,Odisha,Rourkela
C-39891,18-04-2024,Sachin Kumar,Haryana,Ambala
C-34333,01-11-2024,Aarav Sharma,West Bengal,Durgapur
C-30711,07-04-2024,Suresh Reddy,Telangana,Warangal
C-37527,11-10-2024,Yash Rao,Rajasthan,Kota
C-38785,09-01-2024,Pooja Patel,Telangana,Karimnagar
C-32045,20-12-2024,Shreya Reddy,Rajasthan,Udaipur
C-36201,10-10-2024,Tanvi Singh,Assam,Dibrugarh
C-31291,18-06-2024,Rajan Mehta,Haryana,Hisar
C-39044,08-05-2024,Mohit Mishra,Rajasthan,Jaipur
C-34803,02-03-2024,Mohit Jain,Himachal Pradesh,Manali
C-35925,04-09-2024,Neha Verma,West Bengal,Durgapur
C-39459,24-05-2024,Rakesh Kapoor,Tamil Nadu,Coimbatore
C-33150,03-07-2024,Aarav Singh,Uttar Pradesh,Agra
C-31139,05-03-2024,Arjun Singh,West Bengal,Kolkata
C-30750,29-05-2024,Farhan Agarwal,Delhi,Laxmi Nagar
C-33733,20-10-2024,Vishal Rao,Madhya Pradesh,Gwalior
C-34741,23-06-2024,Rahul Reddy,Uttar Pradesh,Lucknow
C-31307,28-02-2024,Yash Choudhary,Telangana,Nizamabad
C-33814,22-10-2024,Kiran Shah,Karnataka,Mysuru
C-31654,04-06-2024,Ishaan Singh,Telangana,Warangal
C-36227,01-08-2024,Siddharth Rao,Rajasthan,Ajmer
C-34554,14-08-2024,Tanvi Mehta,Madhya Pradesh,Ujjain
C-37428,18-10-2024,Farhan Jain,Karnataka,Belagavi
C-35977,16-11-2024,Divya Iyer,Gujarat,Vadodara
C-32664,02-05-2024,Deepika Iyer,Uttar Pradesh,Noida
C-36065,02-01-2024,Vishal Mehta,Andhra Pradesh,Tirupati
C-35820,17-01-2024,Rakesh Rao,Rajasthan,Udaipur
C-33432,06-02-2024,Mohit Pillai,Rajasthan,Udaipur
C-34374,28-02-2024,Kiran Kumar,Himachal Pradesh,Manali
C-31169,13-03-2024,Lakshmi Mehta,Telangana,Hyderabad
C-39980,31-10-2024,Usha Desai,Goa,Vasco da Gama
C-32803,27-08-2024,Rajan Sharma,Madhya Pradesh,Gwalior
C-38751,03-10-2024,Divya Verma,Odisha,Sambalpur
C-34010,21-01-2024,Rahul Agarwal,Andhra Pradesh,Guntur
C-32677,16-02-2024,Aditya Kumar,Rajasthan,Ajmer
C-37573,22-10-2024,Vishal Sharma,Karnataka,Mysuru
C-36216,29-11-2024,Meera Shah,Bihar,Bhagalpur
C-34422,11-08-2024,Vishal Nair,Odisha,Bhubaneswar
C-39125,28-07-2024,Farhan Iyer,Punjab,Amritsar
C-33598,17-06-2024,Rakesh Patel,Andhra Pradesh,Tirupati
C-35313,08-10-2024,Divya Mishra,Karnataka,Mangaluru
C-30916,09-05-2024,Sneha Sharma,Punjab,Chandigarh
C-33752,01-01-2024,Suresh Bhat,Himachal Pradesh,Solan
C-30525,06-04-2024,Yash Yadav,Assam,Dibrugarh
C-35168,14-08-2024,Rajan Singh,Karnataka,Mysuru
C-36572,08-03-2024,Yash Desai,Madhya Pradesh,Gwalior
C-34386,15-01-2024,Riya Singh,Rajasthan,Jodhpur
C-31084,08-01-2024,Divya Kapoor,Himachal Pradesh,Solan
C-33456,28-02-2024,Kiran Reddy,Bihar,Patna
C-39292,29-05-2024,Suresh Reddy,Assam,Dibrugarh
C-35155,29-08-2024,Kiran Patel,Rajasthan,Kota
C-33483,07-04-2024,Deepika Kumar,Assam,Silchar
C-38179,31-07-2024,Rajan Agarwal,Punjab,Patiala
C-36482,24-05-2024,Yash Ghosh,Madhya Pradesh,Ujjain
C-37517,16-08-2024,Sandeep Mishra,Himachal Pradesh,Solan
C-32340,09-10-2024,Vikram Mishra,Himachal Pradesh,Solan
C-34339,06-04-2024,Siddharth Kapoor,Rajasthan,Ajmer
C-32287,29-07-2024,Vishal Patel,Karnataka,Hubli
C-34040,16-07-2024,Ananya Ghosh,Delhi,Laxmi Nagar
C-39197,14-09-2024,Farhan Rao,Goa,Vasco da Gama
C-38830,21-02-2024,Aarav Ghosh,Assam,Jorhat
C-34304,28-07-2024,Vishal Kumar,Delhi,New Delhi
C-39577,22-06-2024,Sachin Singh,Kerala,Kochi
C-37019,13-07-2024,Arnav Bhat,Punjab,Jalandhar
C-39560,12-11-2024,Rakesh Kapoor,Telangana,Warangal
C-36543,16-02-2024,Farhan Rao,Andhra Pradesh,Visakhapatnam
C-35930,26-03-2024,Ananya Mishra,Madhya Pradesh,Bhopal
C-33593,29-01-2024,Shreya Pillai,Madhya Pradesh,Jabalpur
C-32266,15-03-2024,Suresh Shah,Rajasthan,Ajmer
C-38348,15-12-2024,Meera Choudhary,Uttar Pradesh,Kanpur
C-38085,08-11-2024,Priya Reddy,Kerala,Kollam
C-31489,25-10-2024,Vikram Yadav,Delhi,Dwarka
C-30771,10-05-2024,Aarav Rao,Bihar,Bhagalpur
C-31796,27-05-2024,Deepika Rao,Himachal Pradesh,Manali
C-32504,25-06-2024,Tanvi Kumar,Goa,Vasco da Gama
C-32621,21-08-2024,Siddharth Reddy,Madhya Pradesh,Indore
C-36916,24-02-2024,Sandeep Shah,Rajasthan,Kota
C-39771,31-05-2024,Sneha Kumar,Madhya Pradesh,Bhopal
C-31040,05-01-2024,Yash Mehta,Goa,Panaji
C-36304,27-04-2024,Mohit Verma,Haryana,Faridabad
C-36252,08-05-2024,Ananya Mehta,Delhi,New Delhi
C-39763,13-08-2024,Shreya Ghosh,Karnataka,Belagavi
C-37668,16-02-2024,Suresh Iyer,Madhya Pradesh,Jabalpur
C-38669,12-04-2024,Shreya Sharma,Delhi,Pitampura
C-34119,13-09-2024,Rahul Reddy,West Bengal,Asansol
C-39064,31-05-2024,Vikram Choudhary,Punjab,Chandigarh
C-30188,13-03-2024,Shreya Choudhary,Rajasthan,Kota
C-31876,21-07-2024,Arnav Desai,Maharashtra,Nagpur
C-38797,20-08-2024,Siddharth Yadav,Haryana,Ambala
C-34371,09-07-2024,Vishal Agarwal,Tamil Nadu,Coimbatore
C-35573,13-11-2024,Pooja Yadav,Himachal Pradesh,Dharamshala
C-31827,02-02-2024,Suresh Desai,Bihar,Bhagalpur
C-34808,12-03-2024,Riya Reddy,Karnataka,Bengaluru
C-37123,29-02-2024,Arnav Ghosh,Tamil Nadu,Coimbatore
C-32591,17-07-2024,Arnav Pillai,Bihar,Bhagalpur
C-37433,27-10-2024,Farhan Reddy,Delhi,Laxmi Nagar
C-30053,11-11-2024,Ananya Nair,Andhra Pradesh,Guntur
C-34315,21-04-2024,Priya Nair,Bihar,Muzaffarpur
C-38201,20-02-2024,Sandeep Bhat,Haryana,Panipat
C-32927,22-07-2024,Ishaan Rao,West Bengal,Asansol
C-38317,16-02-2024,Aditya Bhat,Gujarat,Gandhinagar
C-31743,19-06-2024,Nisha Choudhary,Rajasthan,Jodhpur
C-34889,10-10-2024,Nisha Kapoor,Gujarat,Gandhinagar
C-39977,17-06-2024,Aarav Kumar,Delhi,Pitampura
C-33258,15-03-2024,Rahul Iyer,Delhi,Pitampura
C-36126,26-02-2024,Aarav Nair,Maharashtra,Pune
C-32646,01-05-2024,Aditya Iyer,Goa,Vasco da Gama
C-38837,15-05-2024,Suresh Sharma,Karnataka,Mysuru
C-38689,28-02-2024,Usha Nair,Telangana,Nizamabad
C-30009,19-09-2024,Usha Sharma,Goa,Panaji
C-39813,23-04-2024,Riya Rao,Karnataka,Belagavi
C-35310,25-11-2024,Vishal Patel,Maharashtra,Mumbai
C-38005,06-08-2024,Usha Choudhary,Tamil Nadu,Salem
C-30319,11-02-2024,Kiran Choudhary,Punjab,Patiala
C-31832,05-03-2024,Rohan Patel,West Bengal,Durgapur
C-35947,01-11-2024,Vikram Sharma,Assam,Dibrugarh
C-35038,05-11-2024,Ishaan Yadav,Andhra Pradesh,Visakhapatnam
C-33923,29-11-2024,Tanvi Rao,Himachal Pradesh,Manali
C-30949,26-04-2024,Vikram Patel,Andhra Pradesh,Guntur
C-33946,31-07-2024,Tanvi Mishra,Tamil Nadu,Madurai
C-39295,06-12-2024,Kiran Reddy,West Bengal,Siliguri
C-31290,04-02-2024,Divya Pillai,Telangana,Hyderabad
C-31403,19-02-2024,Arjun Shah,Haryana,Faridabad
C-37962,14-10-2024,Ishaan Pillai,Himachal Pradesh,Dharamshala
C-31133,30-06-2024,Rakesh Verma,Andhra Pradesh,Visakhapatnam
C-38727,08-06-2024,Zara Jain,Haryana,Gurugram
C-32060,20-03-2024,Farhan Nair,Odisha,Cuttack
C-32103,11-10-2024,Rajan Shah,Haryana,Gurugram
C-37787,25-04-2024,Aditya Verma,Andhra Pradesh,Kurnool
C-39007,02-12-2024,Meera Kumar,West Bengal,Kolkata
C-32705,25-12-2024,Sandeep Agarwal,Madhya Pradesh,Jabalpur
C-34342,02-04-2024,Sneha Choudhary,Delhi,Pitampura
C-38645,13-03-2024,Neha Jain,Maharashtra,Mumbai
C-39938,11-07-2024,Sachin Iyer,Andhra Pradesh,Tirupati
C-36932,08-07-2024,Divya Bhat,Madhya Pradesh,Jabalpur
C-33470,20-03-2024,Arjun Choudhary,Uttar Pradesh,Noida
C-38835,19-05-2024,Yash Verma,Bihar,Muzaffarpur
C-33295,14-08-2024,Nisha Sharma,Andhra Pradesh,Guntur
C-35107,28-02-2024,Ishaan Mehta,Haryana,Hisar
C-36537,13-12-2024,Neha Mehta,Goa,Mapusa
C-36118,24-01-2024,Arjun Agarwal,Rajasthan,Kota
C-37177,14-04-2024,Kavya Kumar,Madhya Pradesh,Indore
C-38479,28-05-2024,Aarav Reddy,Punjab,Chandigarh
C-37397,08-08-2024,Siddharth Singh,Uttar Pradesh,Kanpur
C-31982,26-12-2024,Sandeep Choudhary,Rajasthan,Ajmer
C-34061,22-07-2024,Aditya Rao,Karnataka,Mangaluru
C-33681,09-02-2024,Tanvi Shah,Punjab,Patiala
C-31049,26-07-2024,Ishaan Patel,Andhra Pradesh,Guntur
C-35539,11-01-2024,Vikram Nair,Punjab,Ludhiana
C-30344,15-02-2024,Priya Pillai,Andhra Pradesh,Visakhapatnam
C-39638,28-10-2024,Divya Patel,Kerala,Kollam
C-39075,07-06-2024,Sachin Iyer,Punjab,Ludhiana
C-33770,09-02-2024,Neha Sharma,Assam,Guwahati
C-39641,09-04-2024,Kiran Kapoor,Haryana,Ambala
C-33608,22-02-2024,Mohit Iyer,Delhi,Rohini
C-30117,04-11-2024,Meera Yadav,Delhi,New Delhi
C-31163,09-09-2024,Usha Shah,Bihar,Darbhanga
C-30964,25-11-2024,Kiran Rao,Punjab,Amritsar
C-33750,04-02-2024,Riya Kumar,Odisha,Sambalpur
C-31104,29-10-2024,Zara Choudhary,Karnataka,Hubli
C-30514,07-06-2024,Ananya Bhat,Bihar,Muzaffarpur
C-35413,07-07-2024,Divya Verma,Madhya Pradesh,Bhopal
C-31160,31-10-2024,Vikram Shah,Assam,Jorhat
C-38423,10-10-2024,Mohit Mishra,Karnataka,Mangaluru
C-33899,05-11-2024,Kiran Bhat,Odisha,Berhampur
C-34562,18-08-2024,Divya Sharma,Tamil Nadu,Madurai
C-37953,26-11-2024,Priya Rao,Uttar Pradesh,Lucknow
C-33510,12-08-2024,Lakshmi Nair,Assam,Tezpur
C-38834,09-07-2024,Suresh Mishra,Madhya Pradesh,Gwalior
C-32167,13-12-2024,Deepika Mishra,Karnataka,Hubli
C-39355,18-02-2024,Rakesh Kumar,Himachal Pradesh,Solan
C-39440,02-12-2024,Divya Shah,Delhi,Rohini
C-37744,05-12-2024,Riya Yadav,Delhi,Rohini
C-33981,23-12-2024,Divya Mehta,Kerala,Thiruvananthapuram
C-37749,13-10-2024,Kavya Sharma,Kerala,Kozhikode
C-36669,17-02-2024,Shreya Agarwal,Andhra Pradesh,Kurnool
C-33119,04-07-2024,Nisha Mishra,Madhya Pradesh,Indore
C-31545,05-09-2024,Kavya Ghosh,Gujarat,Surat
C-31588,09-02-2024,Zara Singh,Madhya Pradesh,Bhopal
C-37062,26-09-2024,Kavya Verma,Karnataka,Hubli
C-35804,11-07-2024,Meera Verma,Delhi,Dwarka
C-36939,25-03-2024,Suresh Nair,Bihar,Patna
C-36735,12-12-2024,Rakesh Rao,Rajasthan,Kota
C-37651,29-04-2024,Riya Reddy,Himachal Pradesh,Manali
C-30887,09-04-2024,Usha Rao,Haryana,Panipat
C-31612,24-05-2024,Neha Pillai,Kerala,Kollam
C-30993,23-03-2024,Kavya Kumar,Gujarat,Gandhinagar
C-36596,27-01-2024,Farhan Sharma,Odisha,Rourkela
C-35559,04-03-2024,Lakshmi Kumar,Madhya Pradesh,Bhopal
C-31790,18-08-2024,Tanvi Choudhary,Assam,Silchar
C-34073,23-04-2024,Aditya Pillai,Bihar,Bhagalpur
C-33139,28-01-2024,Shreya Kapoor,Kerala,Kollam
C-33116,16-07-2024,Pooja Agarwal,Telangana,Karimnagar
C-38786,12-06-2024,Kiran Ghosh,Tamil Nadu,Madurai
C-37350,20-01-2024,Kavya Reddy,Madhya Pradesh,Gwalior
C-32296,17-08-2024,Aditya Kumar,Maharashtra,Mumbai
C-33006,20-04-2024,Neha Pillai,Delhi,Pitampura
C-34563,26-02-2024,Riya Desai,Madhya Pradesh,Indore
C-37579,25-01-2024,Vikram Choudhary,Rajasthan,Kota
C-34092,26-02-2024,Arnav Agarwal,Odisha,Berhampur
C-31235,19-11-2024,Priya Ghosh,Assam,Tezpur
C-37260,29-05-2024,Sandeep Kapoor,Andhra Pradesh,Visakhapatnam
C-39016,19-10-2024,Divya Sharma,Andhra Pradesh,Vijayawada
C-31604,03-07-2024,Arnav Sharma,Telangana,Khammam
C-30828,16-09-2024,Siddharth Reddy,Himachal Pradesh,Shimla
C-38856,23-01-2024,Rahul Agarwal,Kerala,Kozhikode
C-30241,01-07-2024,Priya Yadav,Telangana,Karimnagar
C-31528,23-02-2024,Kavya Bhat,Goa,Vasco da Gama
C-33872,29-06-2024,Meera Rao,Himachal Pradesh,Dharamshala
C-32724,22-12-2024,Kavya Choudhary,Odisha,Cuttack
C-36658,22-08-2024,Mohit Bhat,Karnataka,Hubli
C-37956,12-04-2024,Riya Sharma,Karnataka,Hubli
C-37886,22-07-2024,Rahul Bhat,Himachal Pradesh,Solan
C-33502,27-11-2024,Sandeep Bhat,Gujarat,Vadodara
C-36570,01-12-2024,Ishaan Nair,Punjab,Amritsar
C-30960,11-08-2024,Siddharth Mishra,Kerala,Thrissur
C-32697,05-04-2024,Shreya Sharma,Odisha,Sambalpur
C-36209,16-05-2024,Divya Pillai,Telangana,Nizamabad
C-30035,04-11-2024,Rakesh Mishra,Uttar Pradesh,Noida
C-36396,22-02-2024,Rakesh Mehta,Telangana,Karimnagar
C-34345,16-08-2024,Usha Nair,Andhra Pradesh,Vijayawada
C-37454,16-08-2024,Tanvi Kumar,Karnataka,Hubli
C-34673,23-11-2024,Sneha Nair,Karnataka,Bengaluru
C-36930,19-09-2024,Kiran Verma,Uttar Pradesh,Lucknow
C-39105,13-12-2024,Kavya Choudhary,Bihar,Patna
C-37973,30-04-2024,Siddharth Shah,Haryana,Ambala
C-32536,17-01-2024,Shreya Nair,Delhi,Laxmi Nagar
C-33111,15-08-2024,Kavya Sharma,Telangana,Khammam
C-34861,06-07-2024,Rajan Kapoor,Kerala,Kozhikode
C-33566,28-02-2024,Yash Sharma,Maharashtra,Pune
C-30958,17-07-2024,Rahul Kumar,Himachal Pradesh,Shimla
C-39489,26-12-2024,Rakesh Reddy,Bihar,Gaya
C-38883,12-04-2024,Deepika Rao,Tamil Nadu,Coimbatore
C-30998,29-03-2024,Rohan Nair,Bihar,Patna
C-35138,29-12-2024,Arnav Mehta,Telangana,Khammam
C-30936,02-06-2024,Shreya Sharma,Uttar Pradesh,Kanpur
C-30821,24-04-2024,Kavya Kapoor,Tamil Nadu,Coimbatore
C-39571,09-09-2024,Shreya Rao,Maharashtra,Nagpur
C-37811,09-10-2024,Divya Choudhary,Delhi,Pitampura
C-38238,07-06-2024,Neha Pillai,Kerala,Thrissur
C-38701,28-07-2024,Kavya Mishra,Goa,Panaji
C-32579,24-11-2024,Vikram Sharma,Telangana,Nizamabad
C-30931,25-06-2024,Meera Ghosh,Delhi,Pitampura
C-38320,09-08-2024,Ishaan Sharma,Assam,Guwahati
C-31312,19-03-2024,Lakshmi Mishra,Madhya Pradesh,Indore
C-33044,29-12-2024,Neha Mehta,Rajasthan,Udaipur
C-31122,10-02-2024,Rajan Ghosh,West Bengal,Asansol
C-39749,16-11-2024,Arnav Choudhary,Madhya Pradesh,Ujjain
C-31113,14-09-2024,Kiran Iyer,Uttar Pradesh,Noida
C-33853,03-12-2024,Ananya Agarwal,Punjab,Patiala
C-36615,11-02-2024,Rahul Yadav,Karnataka,Belagavi
C-31964,17-04-2024,Aditya Reddy,Goa,Mapusa
C-39333,17-11-2024,Riya Reddy,Himachal Pradesh,Dharamshala
C-34033,05-05-2024,Vikram Choudhary,Kerala,Kozhikode
C-39485,18-12-2024,Usha Pillai,Karnataka,Mysuru
C-39740,04-09-2024,Sachin Verma,Bihar,Gaya
C-30651,14-03-2024,Sandeep Patel,Punjab,Amritsar
C-31343,07-03-2024,Farhan Mishra,Haryana,Panipat
C-36868,03-05-2024,Rajan Rao,Bihar,Patna
C-39562,06-05-2024,Arjun Mehta,Delhi,New Delhi
C-39260,15-07-2024,Lakshmi Mishra,Andhra Pradesh,Vijayawada
C-38565,22-10-2024,Lakshmi Reddy,Punjab,Ludhiana
C-35183,20-09-2024,Riya Reddy,Bihar,Muzaffarpur
C-34272,12-01-2024,Zara Rao,Telangana,Nizamabad
C-33346,03-05-2024,Sandeep Bhat,Gujarat,Gandhinagar
C-35147,26-01-2024,Vishal Mehta,Madhya Pradesh,Gwalior
C-33910,01-10-2024,Tanvi Ghosh,Maharashtra,Mumbai
C-34351,15-05-2024,Shreya Bhat,Haryana,Hisar
C-36484,24-07-2024,Mohit Nair,Karnataka,Belagavi
C-32144,10-10-2024,Siddharth Sharma,Madhya Pradesh,Bhopal
C-34915,18-08-2024,Ishaan Ghosh,Himachal Pradesh,Dharamshala
C-37491,19-02-2024,Sachin Singh,Kerala,Kozhikode
C-35180,06-07-2024,Zara Patel,Delhi,Dwarka
C-31188,13-09-2024,Ananya Ghosh,Karnataka,Bengaluru
C-30152,31-12-2024,Neha Rao,Punjab,Jalandhar
C-37508,17-03-2024,Rohan Verma,Assam,Silchar
C-39224,12-06-2024,Riya Shah,Uttar Pradesh,Varanasi
C-31638,21-06-2024,Arnav Reddy,Assam,Tezpur
C-31200,28-12-2024,Vishal Agarwal,Goa,Vasco da Gama
C-38808,07-07-2024,Suresh Shah,Punjab,Chandigarh
C-33492,06-06-2024,Vishal Kumar,Maharashtra,Aurangabad
C-38288,01-12-2024,Pooja Bhat,Goa,Ponda
C-32170,25-10-2024,Neha Yadav,Odisha,Cuttack
C-35718,13-11-2024,Priya Bhat,Kerala,Thiruvananthapuram
C-31127,20-10-2024,Aditya Rao,Tamil Nadu,Coimbatore
C-34002,09-06-2024,Suresh Jain,Andhra Pradesh,Vijayawada
C-36054,29-07-2024,Vishal Bhat,Assam,Tezpur
C-34669,27-12-2024,Nisha Singh,Delhi,Pitampura
C-32584,15-06-2024,Siddharth Mishra,Odisha,Berhampur
C-37179,29-03-2024,Sachin Singh,Bihar,Darbhanga
C-38900,30-06-2024,Vishal Jain,West Bengal,Durgapur
C-34956,06-05-2024,Riya Kapoor,West Bengal,Durgapur
C-38666,01-06-2024,Yash Mishra,Madhya Pradesh,Indore
C-30128,02-09-2024,Rajan Mehta,Haryana,Panipat
C-39086,03-03-2024,Siddharth Patel,Goa,Ponda
C-34905,25-06-2024,Ananya Mehta,Delhi,Rohini
C-31697,31-12-2024,Usha Yadav,Telangana,Karimnagar
C-32200,11-05-2024,Mohit Singh,Odisha,Cuttack
C-31891,18-05-2024,Kavya Desai,Himachal Pradesh,Dharamshala
C-31753,11-11-2024,Priya Bhat,Goa,Margao
C-32546,08-12-2024,Pooja Bhat,Assam,Silchar
C-34462,21-02-2024,Vishal Desai,Andhra Pradesh,Guntur
C-34616,14-12-2024,Lakshmi Pillai,Delhi,New Delhi
C-39909,30-11-2024,Mohit Mehta,Odisha,Sambalpur
C-33450,13-06-2024,Divya Yadav,Madhya Pradesh,Bhopal
C-35617,20-10-2024,Ananya Iyer,Rajasthan,Ajmer
C-33335,01-08-2024,Sneha Reddy,Uttar Pradesh,Lucknow
C-34325,05-04-2024,Aarav Mehta,Madhya Pradesh,Bhopal
C-38280,17-10-2024,Rakesh Rao,Tamil Nadu,Madurai
C-38004,24-11-2024,Yash Ghosh,Himachal Pradesh,Mandi
C-34114,15-09-2024,Mohit Desai,Bihar,Bhagalpur
C-30832,18-06-2024,Rahul Iyer,Uttar Pradesh,Varanasi
C-31512,08-01-2024,Mohit Iyer,Punjab,Amritsar
C-34533,08-11-2024,Zara Mishra,Kerala,Thrissur
C-30722,14-02-2024,Meera Ghosh,Kerala,Kochi
C-30058,01-09-2024,Aarav Kumar,Punjab,Ludhiana
C-35464,15-07-2024,Rajan Mishra,Rajasthan,Kota
C-32143,03-06-2024,Aarav Kumar,Goa,Ponda
C-34291,30-11-2024,Arjun Desai,Haryana,Faridabad
C-32647,26-08-2024,Sneha Sharma,Madhya Pradesh,Indore
C-37239,26-12-2024,Rakesh Nair,Madhya Pradesh,Bhopal
C-39038,10-11-2024,Kavya Reddy,Rajasthan,Jodhpur
C-37007,19-03-2024,Shreya Pillai,Bihar,Darbhanga
C-39189,25-12-2024,Arnav Jain,Himachal Pradesh,Solan
C-30158,06-05-2024,Usha Sharma,Telangana,Khammam
C-31232,26-12-2024,Ishaan Bhat,Haryana,Gurugram
C-32442,07-10-2024,Arnav Ghosh,Assam,Silchar
C-38938,25-03-2024,Usha Desai,Punjab,Patiala
C-30590,14-12-2024,Yash Choudhary,Gujarat,Gandhinagar
C-36049,18-09-2024,Vikram Ghosh,Bihar,Patna
C-39543,19-09-2024,Arjun Singh,Andhra Pradesh,Tirupati
C-39052,24-08-2024,Sneha Kumar,Madhya Pradesh,Bhopal
C-32426,02-01-2024,Deepika Bhat,Gujarat,Gandhinagar
C-37041,04-08-2024,Arnav Bhat,Haryana,Gurugram
C-32088,05-02-2024,Rakesh Pillai,Odisha,Bhubaneswar
C-30685,02-04-2024,Shreya Patel,Delhi,Laxmi Nagar
C-35050,17-08-2024,Divya Singh,Kerala,Thrissur
C-35974,09-03-2024,Meera Singh,Haryana,Gurugram
C-30653,20-07-2024,Pooja Agarwal,Assam,Silchar
C-35862,12-01-2024,Arnav Pillai,Madhya Pradesh,Gwalior
C-33441,29-09-2024,Priya Rao,Kerala,Thiruvananthapuram
C-34088,26-06-2024,Mohit Desai,Delhi,Rohini
C-31684,17-01-2024,Aditya Kapoor,Andhra Pradesh,Kurnool
C-35794,15-04-2024,Ananya Rao,Telangana,Hyderabad
C-39173,02-11-2024,Ananya Patel,Karnataka,Mysuru
C-32532,12-08-2024,Nisha Bhat,Rajasthan,Ajmer
C-33878,12-03-2024,Pooja Shah,Assam,Dibrugarh
C-32662,12-06-2024,Rohan Kapoor,Goa,Ponda
C-32900,03-06-2024,Pooja Pillai,Delhi,Pitampura
C-36755,02-06-2024,Meera Yadav,West Bengal,Kolkata
C-30406,13-12-2024,Yash Bhat,Andhra Pradesh,Kurnool
C-32938,25-06-2024,Rohan Pillai,Kerala,Kollam
C-35442,28-07-2024,Siddharth Iyer,Delhi,Rohini
C-36745,02-10-2024,Pooja Mehta,Odisha,Cuttack
C-34065,28-12-2024,Arjun Singh,Delhi,Laxmi Nagar
C-32608,30-07-2024,Neha Ghosh,Andhra Pradesh,Kurnool
C-31771,17-07-2024,Nisha Mishra,Rajasthan,Udaipur
C-36267,27-11-2024,Shreya Choudhary,Telangana,Nizamabad
C-30634,01-10-2024,Rajan Patel,Gujarat,Ahmedabad
C-37711,10-12-2024,Mohit Shah,Karnataka,Bengaluru
C-33644,09-12-2024,Vishal Jain,Himachal Pradesh,Manali
C-33269,19-06-2024,Nisha Jain,Madhya Pradesh,Bhopal
C-37541,01-03-2024,Nisha Patel,Odisha,Cuttack
C-35728,02-05-2024,Rakesh Patel,Himachal Pradesh,Dharamshala
C-35000,26-08-2024,Riya Kumar,Himachal Pradesh,Dharamshala
C-33728,03-07-2024,Vikram Desai,Assam,Jorhat
C-33652,28-08-2024,Shreya Mishra,Punjab,Ludhiana
C-30387,30-07-2024,Pooja Ghosh,Karnataka,Belagavi
C-33164,09-01-2024,Suresh Mehta,West Bengal,Durgapur
C-36528,19-03-2024,Pooja Patel,Gujarat,Vadodara
C-35378,18-10-2024,Sachin Kumar,Rajasthan,Kota
C-34564,07-09-2024,Lakshmi Nair,Odisha,Sambalpur
C-31137,27-03-2024,Yash Iyer,Delhi,Pitampura
C-34573,04-10-2024,Ananya Choudhary,Karnataka,Belagavi
C-35753,08-12-2024,Suresh Ghosh,Karnataka,Bengaluru
C-38346,18-11-2024,Kiran Agarwal,Rajasthan,Jaipur
C-36548,21-04-2024,Shreya Bhat,Assam,Jorhat
C-35425,12-11-2024,Aditya Agarwal,Odisha,Sambalpur
C-30452,29-09-2024,Aarav Agarwal,Himachal Pradesh,Solan
C-31889,28-09-2024,Rakesh Agarwal,West Bengal,Durgapur
C-34279,14-09-2024,Farhan Desai,Andhra Pradesh,Vijayawada
C-32925,25-09-2024,Mohit Verma,Delhi,Dwarka
C-39512,26-09-2024,Rajan Patel,West Bengal,Siliguri
C-34349,10-02-2024,Vikram Shah,Haryana,Hisar
C-30626,04-05-2024,Divya Yadav,Rajasthan,Udaipur
C-31776,28-11-2024,Sneha Patel,Karnataka,Bengaluru
C-39774,12-07-2024,Arjun Yadav,Himachal Pradesh,Solan
C-37119,05-01-2024,Yash Pillai,Uttar Pradesh,Lucknow
C-35663,26-11-2024,Farhan Sharma,Punjab,Patiala
C-35139,22-01-2024,Vishal Kumar,Rajasthan,Jodhpur
C-37149,24-01-2024,Arnav Shah,Telangana,Karimnagar
C-39932,02-12-2024,Rohan Agarwal,Karnataka,Mysuru
C-38379,16-04-2024,Sneha Choudhary,Goa,Margao
C-31894,02-06-2024,Priya Shah,Uttar Pradesh,Noida
C-36311,18-07-2024,Siddharth Ghosh,Himachal Pradesh,Dharamshala
C-39446,18-12-2024,Sandeep Bhat,Telangana,Khammam
C-33114,20-02-2024,Deepika Mishra,Andhra Pradesh,Vijayawada
C-34173,05-11-2024,Aditya Yadav,Kerala,Kozhikode
C-30727,19-05-2024,Pooja Nair,Bihar,Muzaffarpur
C-37144,10-10-2024,Meera Shah,Kerala,Thrissur
C-30027,04-12-2024,Rakesh Kapoor,Kerala,Kochi
C-38518,31-12-2024,Rajan Ghosh,Telangana,Hyderabad
C-38821,13-07-2024,Rohan Nair,Delhi,Laxmi Nagar
C-33228,24-02-2024,Riya Rao,Telangana,Hyderabad
C-35967,03-07-2024,Kavya Choudhary,West Bengal,Kolkata
C-37066,05-04-2024,Zara Pillai,Andhra Pradesh,Tirupati
C-31146,22-02-2024,Sandeep Singh,Maharashtra,Mumbai
C-35409,17-02-2024,Aarav Mehta,Punjab,Jalandhar
C-35143,30-07-2024,Priya Shah,Kerala,Kochi
C-32041,23-09-2024,Lakshmi Ghosh,Uttar Pradesh,Varanasi
C-34920,17-05-2024,Yash Ghosh,Madhya Pradesh,Jabalpur
C-38308,02-02-2024,Rajan Pillai,Uttar Pradesh,Varanasi
C-35067,02-06-2024,Shreya Kumar,Odisha,Bhubaneswar
C-36691,06-05-2024,Mohit Rao,Odisha,Berhampur
C-35344,24-02-2024,Aarav Patel,Delhi,Rohini
C-36592,19-06-2024,Usha Mishra,Kerala,Kozhikode
C-34844,08-08-2024,Rohan Verma,Delhi,Rohini
C-39083,21-12-2024,Rohan Iyer,Gujarat,Rajkot
C-32085,22-07-2024,Yash Shah,Punjab,Amritsar
C-33143,04-05-2024,Rajan Patel,Punjab,Jalandhar
C-36888,05-07-2024,Mohit Shah,Tamil Nadu,Tiruchirappalli
C-36211,06-10-2024,Aditya Rao,Uttar Pradesh,Noida
C-32851,28-12-2024,Rakesh Choudhary,Gujarat,Rajkot
C-39324,28-07-2024,Riya Kapoor,Odisha,Cuttack
C-34930,09-05-2024,Siddharth Choudhary,Delhi,Laxmi Nagar
C-36653,17-08-2024,Sneha Singh,Odisha,Berhampur
C-38977,16-09-2024,Ananya Nair,Andhra Pradesh,Kurnool
C-30006,25-12-2024,Divya Desai,Himachal Pradesh,Mandi
C-34978,07-05-2024,Ananya Shah,Haryana,Faridabad
C-34700,26-11-2024,Tanvi Desai,Kerala,Kozhikode
C-33443,06-01-2024,Pooja Sharma,Tamil Nadu,Madurai
C-37043,22-09-2024,Pooja Rao,Himachal Pradesh,Mandi
C-39502,10-07-2024,Zara Ghosh,Kerala,Thrissur
C-39939,25-06-2024,Farhan Mehta,Maharashtra,Nashik
C-35279,31-07-2024,Kiran Nair,Telangana,Hyderabad
C-37618,08-06-2024,Nisha Sharma,Punjab,Jalandhar
C-37238,04-09-2024,Farhan Rao,Haryana,Hisar
C-37244,22-12-2024,Deepika Mehta,Bihar,Bhagalpur
C-33501,23-01-2024,Sachin Yadav,Tamil Nadu,Chennai
C-38375,25-02-2024,Neha Iyer,Uttar Pradesh,Kanpur
C-37752,09-10-2024,Tanvi Rao,Uttar Pradesh,Agra
C-32780,28-04-2024,Meera Yadav,Kerala,Thiruvananthapuram
C-31389,02-12-2024,Aditya Verma,Andhra Pradesh,Tirupati
C-34649,11-04-2024,Tanvi Patel,Bihar,Darbhanga
C-38445,03-01-2024,Rajan Choudhary,Gujarat,Surat
C-35491,22-10-2024,Meera Nair,Tamil Nadu,Tiruchirappalli
C-31530,15-06-2024,Ishaan Kumar,Gujarat,Rajkot
C-33848,09-12-2024,Rohan Verma,Odisha,Berhampur
C-35085,17-07-2024,Ishaan Nair,Kerala,Kollam
C-33680,29-06-2024,Meera Mehta,Bihar,Darbhanga
C-33262,10-11-2024,Kavya Mishra,Goa,Panaji
C-32414,01-03-2024,Ishaan Iyer,Rajasthan,Udaipur
C-30400,10-07-2024,Siddharth Pillai,Delhi,Pitampura
C-30757,01-11-2024,Siddharth Pillai,Delhi,Pitampura
C-34011,05-04-2024,Meera Singh,Odisha,Berhampur
C-37784,26-03-2024,Kavya Iyer,Odisha,Rourkela
C-31193,10-06-2024,Arjun Nair,Bihar,Darbhanga
C-37461,05-01-2024,Mohit Patel,Odisha,Cuttack
C-36790,14-10-2024,Suresh Reddy,Assam,Jorhat
